forMention,id,inCount,outCount,links,url,name,normalName,normalWikiTitle,predictedType
MITCHELL,1148663,430,406,67127;72654;40334603;22576;3434750;6829072;30682034;72311;802066;882492;993078,http://en.wikipedia.org/wiki/Dennis_Mitchell,Dennis Mitchell,dennis-mitchell,dennis-mitchell,PER
MITCHELL,30682034,5,12,3708;31717;9239;1148663,http://en.wikipedia.org/wiki/Dennis_Mitchell_(pilot),Dennis Mitchell,dennis-mitchell,dennis-mitchell-pilot,PER
OLYMPIC,72311,5721,561,4273494;5042916;6829072;1391178;863;3434750;802066;72654;2140;72311;993078;96607;3138;27566;3354;33673747;1243315;67127;67118;67116;595137;927703;558060;30873921;882492;274851;1148663;31717;22576;1233952;15660,http://en.wikipedia.org/wiki/1996_Summer_Olympics,1996 Summer Olympics,1996-summer-olympics,1996-summer-olympics,UNK
OLYMPIC,4037753,73,60,22576;595137,http://en.wikipedia.org/wiki/Olympic_Stadium_(Ashgabat),Olympic Stadium,olympic-stadium,olympic-stadium-ashgabat,UNK
OLYMPIC,550718,838,716,5042916;28000637;927703;20420437;758364;1519860;22576;26177360;2179597;1956163;595137,http://en.wikipedia.org/wiki/Olympic_Stadium_(Montreal),Olympic Stadium,olympic-stadium,olympic-stadium-montreal,UNK
OLYMPIC,483857,665,192,215892;3434750;70780,http://en.wikipedia.org/wiki/Olympic_Peninsula,Olympic Peninsula,olympic-peninsula,olympic-peninsula,UNK
OLYMPIC,595137,333,377,3138;5042916;31717;2140;1519860;22576;927703;550718;5058739;4037753;32982273;27566;3354;3434750;72311;1233952;2179597;1956163;22309;1243315,http://en.wikipedia.org/wiki/Olympic_Stadium,Olympic Stadium,olympic-stadium,olympic-stadium,UNK
OLYMPIC,1233952,245,199,3316516;28000637;22576;595137;27566;72311;1243315,http://en.wikipedia.org/wiki/Olympic_Park,Olympic Park,olympic-park,olympic-park,UNK
OLYMPIC,22219189,41,19,,http://en.wikipedia.org/wiki/Olympic_Park_(Village),Olympic Park,olympic-park,olympic-park-village,UNK
OLYMPIC,10196072,115,75,,http://en.wikipedia.org/wiki/Olympic_Theatre,Olympic Theatre,olympic-theatre,olympic-theatre,UNK
OLYMPIC,856061,58,51,22576,http://en.wikipedia.org/wiki/Olympic_Museum,Olympic Museum,olympic-museum,olympic-museum,UNK
OLYMPIC,11393463,33,38,,http://en.wikipedia.org/wiki/Olympic_Bridge,Olympic Bridge,olympic-bridge,olympic-bridge,UNK
OLYMPIC,83410,435,291,31717;152256,http://en.wikipedia.org/wiki/RMS_Olympic,RMS Olympic,rms-olympic,rms-olympic,UNK
OLYMPIC,24644975,3,15,,http://en.wikipedia.org/wiki/USS_Olympic_(SP-260),USS Olympic,uss-olympic,uss-olympic-sp-260,UNK
OLYMPIC,10505271,114,82,5058739;31717;21175158,http://en.wikipedia.org/wiki/Olympic_Stadium_(Wrocław),Olympic Stadium,olympic-stadium,olympic-stadium-wroclaw,UNK
OLYMPIC,32982273,34,33,595137,http://en.wikipedia.org/wiki/Olympic_Stadium_(Grenoble),Olympic Stadium,olympic-stadium,olympic-stadium-grenoble,UNK
OLYMPIC,28000637,140,140,550718;20420437;5042916;1233952,"http://en.wikipedia.org/wiki/Olympic_Park,_Montreal","Olympic Park, Montreal",olympic-park-montreal,olympic-park-montreal,UNK
OLYMPIC,6030157,39,38,1243315,"http://en.wikipedia.org/wiki/Olympic_Village,_Munich","Olympic Village, Munich",olympic-village-munich,olympic-village-munich,UNK
OLYMPIC,2349327,177,85,3434750,http://en.wikipedia.org/wiki/Olympic_Club,Olympic Club,olympic-club,olympic-club,UNK
OLYMPIC,3726838,42,47,,http://en.wikipedia.org/wiki/Wellington_Olympic_AFC,Wellington Olympic AFC,wellington-olympic-afc,wellington-olympic-afc,UNK
OLYMPIC,31613148,3,7,,http://en.wikipedia.org/wiki/Olympic_Club_(Barbacena),Olympic Club,olympic-club,olympic-club-barbacena,ORG
OLYMPIC,7439700,436,400,3708;22309,http://en.wikipedia.org/wiki/Olympic_Stadium_(Moscow),Olympic Stadium,olympic-stadium,olympic-stadium-moscow,UNK
OLYMPIC,20420437,34,43,550718;28000637;5042916;1243315,http://en.wikipedia.org/wiki/Olympic_Village_(Montreal),Olympic Village,olympic-village,olympic-village-montreal,UNK
OLYMPIC,4229706,69,72,,http://en.wikipedia.org/wiki/Olympic_FC,Olympic FC,olympic-fc,olympic-fc,ORG
OLYMPIC,526942,90,267,,http://en.wikipedia.org/wiki/Olympic_Airlines,Olympic Airlines,olympic-airlines,olympic-airlines,ORG
OLYMPIC,11305145,3,16,,http://en.wikipedia.org/wiki/Olympic_Group,Olympic Group,olympic-group,olympic-group,UNK
OLYMPIC,4187191,665,197,22576;1856192,http://en.wikipedia.org/wiki/Figure_skating_at_the_Olympic_Games,Figure skating at the Olympic Games,figure-skating-at-the-olympic-games,figure-skating-at-the-olympic-games,UNK
OLYMPIC,2398503,67,61,3434750,http://en.wikipedia.org/wiki/Olympic_College,Olympic College,olympic-college,olympic-college,ORG
OLYMPIC,22576,19249,1017,13530298;72654;72311;3138;3354;39173;769618;67127;67118;67116;595137;804243;558060;4273494;5042916;5042481;9239;1856192;882492;4037245;1148663;4037753;1391178;856061;3434750;855087;25778403;993078;789006;22309;30873921;22576;1233952;6829072;802066;4187191;96607;27566;550718;1243315;31717;5058739,http://en.wikipedia.org/wiki/Olympic_Games,Olympic Games,olympic-games,olympic-games,UNK
OLYMPIC,1041281,715,402,1041281,http://en.wikipedia.org/wiki/Olympic_Studios,Olympic Studios,olympic-studios,olympic-studios,UNK
OLYMPIC,1290793,35,39,,http://en.wikipedia.org/wiki/Olympic_Park_(Buffalo),Olympic Park,olympic-park,olympic-park-buffalo,UNK
OLYMPIC,1956163,625,628,927703;550718;1519860;3434750;2179597;595137,http://en.wikipedia.org/wiki/Olympic_Stadium_(Amsterdam),Olympic Stadium,olympic-stadium,olympic-stadium-amsterdam,UNK
OLYMPIC,1856192,409,219,31717;22576;5058739;27566;3434750;4187191,http://en.wikipedia.org/wiki/Baseball_at_the_Summer_Olympics,Baseball at the Summer Olympics,baseball-at-the-summer-olympics,baseball-at-the-summer-olympics,UNK
OLYMPIC,1391178,214,216,3138;22576;72311,http://en.wikipedia.org/wiki/Olympic_Station,Olympic Station,olympic-station,olympic-station,UNK
OLYMPIC,3316516,123,57,1233952;1519860,"http://en.wikipedia.org/wiki/Olympic_Park,_Seoul","Olympic Park, Seoul",olympic-park-seoul,olympic-park-seoul,UNK
OLYMPIC,34137567,0,1,,http://en.wikipedia.org/wiki/Olympic_Park_(Washington_State),Olympic Park,olympic-park,olympic-park-washington-state,UNK
OLYMPIC,2933230,15,15,,http://en.wikipedia.org/wiki/Olympic_Tower,Olympic Tower,olympic-tower,olympic-tower,UNK
OLYMPIC,1519860,345,357,3316516;927703;550718;2179597;1956163;595137,http://en.wikipedia.org/wiki/Olympic_Stadium_(Seoul),Olympic Stadium,olympic-stadium,olympic-stadium-seoul,UNK
OLYMPIC,2179597,703,647,927703;550718;87187;758364;1519860;1956163;595137,http://en.wikipedia.org/wiki/Olympic_Stadium_(London),Olympic Stadium,olympic-stadium,olympic-stadium-london,UNK
OLYMPIC,39443467,12,15,,http://en.wikipedia.org/wiki/Olympic_(band),Olympic,olympic,olympic-band,UNK
OLYMPIC,1243315,239,196,6030157;22576;595137;20420437;27566;3354;72311;1233952,http://en.wikipedia.org/wiki/Olympic_Village,Olympic Village,olympic-village,olympic-village,UNK
OLYMPIC,215892,232,201,3434750;483857;70780,http://en.wikipedia.org/wiki/Olympic_Mountains,Olympic Mountains,olympic-mountains,olympic-mountains,UNK
OLYMPIC,6788184,2,14,3434750,http://en.wikipedia.org/wiki/Olympic_Stadium_(Hoquiam),Olympic Stadium,olympic-stadium,olympic-stadium-hoquiam,UNK
OLYMPIC,2015711,35,23,,http://en.wikipedia.org/wiki/Olympic_Stadium_(Phnom_Penh),Olympic Stadium,olympic-stadium,olympic-stadium-phnom-penh,UNK
OLYMPIC,927703,599,365,758364;1519860;550718;72311;2179597;1956163;595137,http://en.wikipedia.org/wiki/Olympic_Stadium_(Athens),Olympic Stadium,olympic-stadium,olympic-stadium-athens,UNK
BRUSSELS,3708,11851,706,87187;3434750;33170;3138;1459417;3354;3708;3818308;22309;269753;575501;1187515;30682034;28195378;27931386;9239;27338;410720;7439700;31717;5058739;4318956,http://en.wikipedia.org/wiki/Brussels,Brussels,brussels,brussels,GPE
BRUSSELS,110853,44,56,3434750,"http://en.wikipedia.org/wiki/Brussels,_Illinois","Brussels, Illinois",brussels-illinois,brussels-illinois,GPE
BRUSSELS,28195378,170,130,269753;3708;575501,http://en.wikipedia.org/wiki/Brussels_International_(1897),Brussels International,brussels-international,brussels-international-1897,PER
BRUSSELS,27931386,48,110,3708,http://en.wikipedia.org/wiki/District_of_Brussels,District of Brussels,district-of-brussels,district-of-brussels,UNK
BRUSSELS,232832,25,25,5042916,"http://en.wikipedia.org/wiki/Brussels,_Ontario","Brussels, Ontario",brussels-ontario,brussels-ontario,GPE
BRUSSELS,410720,96,101,3708;5042916;31717;3434750,http://en.wikipedia.org/wiki/Brussels_sprout,Brussels sprout,brussels-sprout,brussels-sprout,UNK
BRUSSELS,1459417,22,24,3708;3434750,http://en.wikipedia.org/wiki/Brussels_Park,Brussels Park,brussels-park,brussels-park,UNK
BRUSSELS,575501,203,76,269753;28195378;3708,http://en.wikipedia.org/wiki/City_of_Brussels,City of Brussels,city-of-brussels,city-of-brussels,UNK
BRUSSELS,138956,61,80,28439418;3434750,"http://en.wikipedia.org/wiki/Brussels,_Wisconsin","Brussels, Wisconsin",brussels-wisconsin,brussels-wisconsin,GPE
BRUSSELS,28439418,49,63,138956;3434750,"http://en.wikipedia.org/wiki/Brussels_(community),_Wisconsin","Brussels (community), Wisconsin",brussels-community-wisconsin,brussels-community-wisconsin,GPE
BRUSSELS,4547759,8,13,,http://en.wikipedia.org/wiki/Brussels_cheese,Brussels cheese,brussels-cheese,brussels-cheese,UNK
BRUSSELS,269753,596,457,40334603;179081;575501;28195378;3708;253102;4318956,http://en.wikipedia.org/wiki/Brussels_Airport,Brussels Airport,brussels-airport,brussels-airport,UNK
BRUSSELS,29334066,2,17,,http://en.wikipedia.org/wiki/Brussels_II,Brussels II,brussels-ii,brussels-ii,UNK
BRUSSELS,4318956,462,343,269753;179081;3708;253102,http://en.wikipedia.org/wiki/Brussels_Airlines,Brussels Airlines,brussels-airlines,brussels-airlines,ORG
American,3434750,529967,1252,863;1241;1890;1973;2154;3365792;3138;3354;3708;9015484;5195;6340;6999;6766;9239;9483;15660;22309;22576;27338;27566;31717;33170;3403042;1148663;11214212;72654;72311;67127;6788184;23455173;11181079;96607;92111;103973;2349327;114499;110853;111473;111530;111867;112296;120699;118243;116923;116630;115847;114889;130520;3318459;3318457;126646;125065;124397;124114;122884;139660;133621;135649;136047;139030;138956;158019;160735;37068084;1288758;5727912;25778403;28972206;9088582;27970654;3168340;199154;38000745;215892;1211158;11054565;16877460;238192;17866488;233474;281157;290327;312898;358518;17259359;328618;10328578;376996;4273494;386555;374336;1526892;410720;3499945;2398503;23222629;435793;36806601;436898;1459417;483857;480153;3434750;1447136;516772;507179;29313380;2477935;558060;1684950;38279445;25387901;25387678;1696576;578468;5042916;5042481;3868301;28355249;554755;9490944;21974174;38358054;28439418;595137;605077;30873921;617153;22923638;758368;758364;7174310;20596936;16071498;22868037;37500323;37515198;1956163;804243;3020050;789006;802066;19764185;9765073;5805422;1856192;882492;855087;20733060;2916729;974923;19851291;19792942;10764982;34340070;993078;23831085,http://en.wikipedia.org/wiki/United_States,United States,united-states,united-states,GPE
American,10490364,5,3,10467654,http://en.wikipedia.org/wiki/USS_American,USS American,uss-american,uss-american,UNK
American,11181079,12,22,23455173;3434750,http://en.wikipedia.org/wiki/American_River_(Washington),American River,american-river,american-river-washington,UNK
American,191890,3857,578,296105;191890,http://en.wikipedia.org/wiki/American_Idol,American Idol,american-idol,american-idol,UNK
American,376996,185,213,5280104;5727912;863;3434750,http://en.wikipedia.org/wiki/American_School_(economics),American School,american-school,american-school-economics,UNK
American,1973,5125,668,290327;5042916;863;312898;3434750;1890;1973;2154;19792942;386555;7174310;6340;6999;199154,http://en.wikipedia.org/wiki/American_Revolution,American Revolution,american-revolution,american-revolution,UNK
American,28355249,17,6,3434750,http://en.wikipedia.org/wiki/American_Institute,American Institute,american-institute,american-institute,ORG
American,312898,491,371,386555;3434750;1890;199154;863;19792942;1973,http://en.wikipedia.org/wiki/American_exceptionalism,American exceptionalism,american-exceptionalism,american-exceptionalism,UNK
American,863,32421,849,863;1890;1973;2154;72311;3138;9088582;6999;290327;914151;199154;3434750;19851291;887108;10328590;152256;312898;40117479;376996;19792942;386555;16304842;116923,http://en.wikipedia.org/wiki/American_Civil_War,American Civil War,american-civil-war,american-civil-war,UNK
American,10467654,4,15,10490364,http://en.wikipedia.org/wiki/USS_American_(1861),USS American,uss-american,uss-american-1861,UNK
American,5727912,39,43,3434750;376996,http://en.wikipedia.org/wiki/American_System_(economic_plan),American System,american-system,american-system-economic-plan,UNK
American,4007691,45,63,,"http://en.wikipedia.org/wiki/American_River,_South_Australia","American River, South Australia",american-river-south-australia,american-river-south-australia,UNK
American,37515198,94,98,3434750;7426580,http://en.wikipedia.org/wiki/American_Party_(1924),American Party,american-party,american-party-1924,ORG
American,9364258,58,66,,http://en.wikipedia.org/wiki/AmericanEP,AmericanEP,americanep,americanep,UNK
American,19792942,3526,706,290327;863;312898;1241;3434750;1890;1973;2154;386555;7174310;974923;199154,http://en.wikipedia.org/wiki/Americans,Americans,americans,americans,UNK
American,290327,1463,698,5042916;863;974923;3434750;1890;1973;2154;19792942;17424756,http://en.wikipedia.org/wiki/German_American,German American,german-american,german-american,UNK
American,2302636,2,23,,http://en.wikipedia.org/wiki/The_American_(statue),The American,the-american,the-american-statue,UNK
American,103973,364,232,103973;6340;3434750;1890,http://en.wikipedia.org/wiki/General_American,General American,general-american,general-american,UNK
American,7426580,511,119,37515198,http://en.wikipedia.org/wiki/American_Party_(1969),American Party,american-party,american-party-1969,UNK
American,5280104,3,7,376996,http://en.wikipedia.org/wiki/American_School,American School,american-school,american-school,ORG
American,5245708,95,90,,http://en.wikipedia.org/wiki/Grand_American,Grand American,grand-american,grand-american,ORG
American,1890,3485,773,290327;5042916;863;312898;1241;3434750;1890;1973;2154;19792942;103973;386555;7174310;974923;1288758;6340;31717;15660;199154,http://en.wikipedia.org/wiki/American_English,American English,american-english,american-english,UNK
American,23455173,280,111,11181079;3434750,http://en.wikipedia.org/wiki/American_River,American River,american-river,american-river,UNK
American,974923,179,286,9239;290327;5042916;31717;2154;1890;13530298;19792942;3434750,http://en.wikipedia.org/wiki/British_American,British American,british-american,british-american,UNK
American,4985225,43,65,,http://en.wikipedia.org/wiki/Mr_American,Mr American,mr-american,mr-american,UNK
American,1241,20,100,1890;6340;19792942;1241;3434750,http://en.wikipedia.org/wiki/American_(word),American,american,american-word,UNK
American,386555,1059,630,386555;158019;863;19792942;312898;3434750;1890;199154;1973,http://en.wikipedia.org/wiki/American_Indian_Wars,American Indian Wars,american-indian-wars,american-indian-wars,UNK
American,2154,10623,597,863;3434750;1890;1973;2154;3365792;3138;974923;6340;290327;19792942;7174310;125065,http://en.wikipedia.org/wiki/African_American,African American,african-american,african-american,UNK
American,23243585,10,25,,http://en.wikipedia.org/wiki/American_Party_(1914),American Party,american-party,american-party-1914,ORG
American,24473004,0,12,,http://en.wikipedia.org/wiki/American_cattle,American cattle,american-cattle,american-cattle,PER
American,12676486,46,31,,http://en.wikipedia.org/wiki/The_American_(magazine),The American,the-american,the-american-magazine,ORG
American,199154,1462,935,386555;863;312898;3434750;1890;1973;19792942,http://en.wikipedia.org/wiki/American_literature,American literature,american-literature,american-literature,UNK
American,29827906,12,17,,http://en.wikipedia.org/wiki/American_Party_(Utah),American Party,american-party,american-party-utah,ORG
Dennis Mitchell,1148663,430,406,67127;72654;40334603;22576;3434750;6829072;30682034;72311;802066;882492;993078,http://en.wikipedia.org/wiki/Dennis_Mitchell,Dennis Mitchell,dennis-mitchell,dennis-mitchell,PER
Dennis Mitchell,30682034,5,12,3708;31717;9239;1148663,http://en.wikipedia.org/wiki/Dennis_Mitchell_(pilot),Dennis Mitchell,dennis-mitchell,dennis-mitchell-pilot,PER
Olympic,27566,5559,660,5042916;3434750;72311;3138;3354;1856192;39173;152256;1243315;67116;595137;21175158;31717;22576;5058739;1233952,http://en.wikipedia.org/wiki/Summer_Olympic_Games,Summer Olympic Games,summer-olympic-games,summer-olympic-games,UNK
Olympic,4037753,73,60,22576;595137,http://en.wikipedia.org/wiki/Olympic_Stadium_(Ashgabat),Olympic Stadium,olympic-stadium,olympic-stadium-ashgabat,UNK
Olympic,550718,838,716,5042916;28000637;927703;20420437;758364;1519860;22576;26177360;2179597;1956163;595137,http://en.wikipedia.org/wiki/Olympic_Stadium_(Montreal),Olympic Stadium,olympic-stadium,olympic-stadium-montreal,UNK
Olympic,483857,665,192,215892;3434750;70780,http://en.wikipedia.org/wiki/Olympic_Peninsula,Olympic Peninsula,olympic-peninsula,olympic-peninsula,UNK
Olympic,595137,333,377,3138;5042916;31717;2140;1519860;22576;927703;550718;5058739;4037753;32982273;27566;3354;3434750;72311;1233952;2179597;1956163;22309;1243315,http://en.wikipedia.org/wiki/Olympic_Stadium,Olympic Stadium,olympic-stadium,olympic-stadium,UNK
Olympic,1233952,245,199,3316516;28000637;22576;595137;27566;72311;1243315,http://en.wikipedia.org/wiki/Olympic_Park,Olympic Park,olympic-park,olympic-park,UNK
Olympic,22219189,41,19,,http://en.wikipedia.org/wiki/Olympic_Park_(Village),Olympic Park,olympic-park,olympic-park-village,UNK
Olympic,10196072,115,75,,http://en.wikipedia.org/wiki/Olympic_Theatre,Olympic Theatre,olympic-theatre,olympic-theatre,UNK
Olympic,856061,58,51,22576,http://en.wikipedia.org/wiki/Olympic_Museum,Olympic Museum,olympic-museum,olympic-museum,UNK
Olympic,11393463,33,38,,http://en.wikipedia.org/wiki/Olympic_Bridge,Olympic Bridge,olympic-bridge,olympic-bridge,UNK
Olympic,83410,435,291,31717;152256,http://en.wikipedia.org/wiki/RMS_Olympic,RMS Olympic,rms-olympic,rms-olympic,UNK
Olympic,24644975,3,15,,http://en.wikipedia.org/wiki/USS_Olympic_(SP-260),USS Olympic,uss-olympic,uss-olympic-sp-260,UNK
Olympic,10505271,114,82,5058739;31717;21175158,http://en.wikipedia.org/wiki/Olympic_Stadium_(Wrocław),Olympic Stadium,olympic-stadium,olympic-stadium-wroclaw,UNK
Olympic,32982273,34,33,595137,http://en.wikipedia.org/wiki/Olympic_Stadium_(Grenoble),Olympic Stadium,olympic-stadium,olympic-stadium-grenoble,UNK
Olympic,28000637,140,140,550718;20420437;5042916;1233952,"http://en.wikipedia.org/wiki/Olympic_Park,_Montreal","Olympic Park, Montreal",olympic-park-montreal,olympic-park-montreal,UNK
Olympic,6030157,39,38,1243315,"http://en.wikipedia.org/wiki/Olympic_Village,_Munich","Olympic Village, Munich",olympic-village-munich,olympic-village-munich,UNK
Olympic,2349327,177,85,3434750,http://en.wikipedia.org/wiki/Olympic_Club,Olympic Club,olympic-club,olympic-club,UNK
Olympic,3726838,42,47,,http://en.wikipedia.org/wiki/Wellington_Olympic_AFC,Wellington Olympic AFC,wellington-olympic-afc,wellington-olympic-afc,UNK
Olympic,31613148,3,7,,http://en.wikipedia.org/wiki/Olympic_Club_(Barbacena),Olympic Club,olympic-club,olympic-club-barbacena,ORG
Olympic,7439700,436,400,3708;22309,http://en.wikipedia.org/wiki/Olympic_Stadium_(Moscow),Olympic Stadium,olympic-stadium,olympic-stadium-moscow,UNK
Olympic,20420437,34,43,550718;28000637;5042916;1243315,http://en.wikipedia.org/wiki/Olympic_Village_(Montreal),Olympic Village,olympic-village,olympic-village-montreal,UNK
Olympic,4229706,69,72,,http://en.wikipedia.org/wiki/Olympic_FC,Olympic FC,olympic-fc,olympic-fc,ORG
Olympic,526942,90,267,,http://en.wikipedia.org/wiki/Olympic_Airlines,Olympic Airlines,olympic-airlines,olympic-airlines,ORG
Olympic,11305145,3,16,,http://en.wikipedia.org/wiki/Olympic_Group,Olympic Group,olympic-group,olympic-group,UNK
Olympic,4187191,665,197,22576;1856192,http://en.wikipedia.org/wiki/Figure_skating_at_the_Olympic_Games,Figure skating at the Olympic Games,figure-skating-at-the-olympic-games,figure-skating-at-the-olympic-games,UNK
Olympic,2398503,67,61,3434750,http://en.wikipedia.org/wiki/Olympic_College,Olympic College,olympic-college,olympic-college,ORG
Olympic,22576,19249,1017,13530298;72654;72311;3138;3354;39173;769618;67127;67118;67116;595137;804243;558060;4273494;5042916;5042481;9239;1856192;882492;4037245;1148663;4037753;1391178;856061;3434750;855087;25778403;993078;789006;22309;30873921;22576;1233952;6829072;802066;4187191;96607;27566;550718;1243315;31717;5058739,http://en.wikipedia.org/wiki/Olympic_Games,Olympic Games,olympic-games,olympic-games,UNK
Olympic,1041281,715,402,1041281,http://en.wikipedia.org/wiki/Olympic_Studios,Olympic Studios,olympic-studios,olympic-studios,UNK
Olympic,1290793,35,39,,http://en.wikipedia.org/wiki/Olympic_Park_(Buffalo),Olympic Park,olympic-park,olympic-park-buffalo,UNK
Olympic,1956163,625,628,927703;550718;1519860;3434750;2179597;595137,http://en.wikipedia.org/wiki/Olympic_Stadium_(Amsterdam),Olympic Stadium,olympic-stadium,olympic-stadium-amsterdam,UNK
Olympic,1856192,409,219,31717;22576;5058739;27566;3434750;4187191,http://en.wikipedia.org/wiki/Baseball_at_the_Summer_Olympics,Baseball at the Summer Olympics,baseball-at-the-summer-olympics,baseball-at-the-summer-olympics,UNK
Olympic,1391178,214,216,3138;22576;72311,http://en.wikipedia.org/wiki/Olympic_Station,Olympic Station,olympic-station,olympic-station,UNK
Olympic,3316516,123,57,1233952;1519860,"http://en.wikipedia.org/wiki/Olympic_Park,_Seoul","Olympic Park, Seoul",olympic-park-seoul,olympic-park-seoul,UNK
Olympic,34137567,0,1,,http://en.wikipedia.org/wiki/Olympic_Park_(Washington_State),Olympic Park,olympic-park,olympic-park-washington-state,UNK
Olympic,2933230,15,15,,http://en.wikipedia.org/wiki/Olympic_Tower,Olympic Tower,olympic-tower,olympic-tower,UNK
Olympic,1519860,345,357,3316516;927703;550718;2179597;1956163;595137,http://en.wikipedia.org/wiki/Olympic_Stadium_(Seoul),Olympic Stadium,olympic-stadium,olympic-stadium-seoul,UNK
Olympic,2179597,703,647,927703;550718;87187;758364;1519860;1956163;595137,http://en.wikipedia.org/wiki/Olympic_Stadium_(London),Olympic Stadium,olympic-stadium,olympic-stadium-london,UNK
Olympic,39443467,12,15,,http://en.wikipedia.org/wiki/Olympic_(band),Olympic,olympic,olympic-band,UNK
Olympic,1243315,239,196,6030157;22576;595137;20420437;27566;3354;72311;1233952,http://en.wikipedia.org/wiki/Olympic_Village,Olympic Village,olympic-village,olympic-village,UNK
Olympic,215892,232,201,3434750;483857;70780,http://en.wikipedia.org/wiki/Olympic_Mountains,Olympic Mountains,olympic-mountains,olympic-mountains,UNK
Olympic,6788184,2,14,3434750,http://en.wikipedia.org/wiki/Olympic_Stadium_(Hoquiam),Olympic Stadium,olympic-stadium,olympic-stadium-hoquiam,UNK
Olympic,2015711,35,23,,http://en.wikipedia.org/wiki/Olympic_Stadium_(Phnom_Penh),Olympic Stadium,olympic-stadium,olympic-stadium-phnom-penh,UNK
Olympic,927703,599,365,758364;1519860;550718;72311;2179597;1956163;595137,http://en.wikipedia.org/wiki/Olympic_Stadium_(Athens),Olympic Stadium,olympic-stadium,olympic-stadium-athens,UNK
Brussels,3708,11851,706,87187;3434750;33170;3138;1459417;3354;3708;3818308;22309;269753;575501;1187515;30682034;28195378;27931386;9239;27338;410720;7439700;31717;5058739;4318956,http://en.wikipedia.org/wiki/Brussels,Brussels,brussels,brussels,GPE
Brussels,110853,44,56,3434750,"http://en.wikipedia.org/wiki/Brussels,_Illinois","Brussels, Illinois",brussels-illinois,brussels-illinois,GPE
Brussels,28195378,170,130,269753;3708;575501,http://en.wikipedia.org/wiki/Brussels_International_(1897),Brussels International,brussels-international,brussels-international-1897,PER
Brussels,27931386,48,110,3708,http://en.wikipedia.org/wiki/District_of_Brussels,District of Brussels,district-of-brussels,district-of-brussels,UNK
Brussels,232832,25,25,5042916,"http://en.wikipedia.org/wiki/Brussels,_Ontario","Brussels, Ontario",brussels-ontario,brussels-ontario,GPE
Brussels,410720,96,101,3708;5042916;31717;3434750,http://en.wikipedia.org/wiki/Brussels_sprout,Brussels sprout,brussels-sprout,brussels-sprout,UNK
Brussels,1459417,22,24,3708;3434750,http://en.wikipedia.org/wiki/Brussels_Park,Brussels Park,brussels-park,brussels-park,UNK
Brussels,575501,203,76,269753;28195378;3708,http://en.wikipedia.org/wiki/City_of_Brussels,City of Brussels,city-of-brussels,city-of-brussels,UNK
Brussels,138956,61,80,28439418;3434750,"http://en.wikipedia.org/wiki/Brussels,_Wisconsin","Brussels, Wisconsin",brussels-wisconsin,brussels-wisconsin,GPE
Brussels,28439418,49,63,138956;3434750,"http://en.wikipedia.org/wiki/Brussels_(community),_Wisconsin","Brussels (community), Wisconsin",brussels-community-wisconsin,brussels-community-wisconsin,GPE
Brussels,4547759,8,13,,http://en.wikipedia.org/wiki/Brussels_cheese,Brussels cheese,brussels-cheese,brussels-cheese,UNK
Brussels,269753,596,457,40334603;179081;575501;28195378;3708;253102;4318956,http://en.wikipedia.org/wiki/Brussels_Airport,Brussels Airport,brussels-airport,brussels-airport,UNK
Brussels,29334066,2,17,,http://en.wikipedia.org/wiki/Brussels_II,Brussels II,brussels-ii,brussels-ii,UNK
Brussels,4318956,462,343,269753;179081;3708;253102,http://en.wikipedia.org/wiki/Brussels_Airlines,Brussels Airlines,brussels-airlines,brussels-airlines,ORG
Sporting,32602227,20,2,,http://en.wikipedia.org/wiki/Sporting_director,Sporting director,sporting-director,sporting-director,UNK
Sporting,22687299,1,5,5042916,"http://en.wikipedia.org/wiki/Sporting_Mountain,_Nova_Scotia","Sporting Mountain, Nova Scotia",sporting-mountain-nova-scotia,sporting-mountain-nova-scotia,GPE
Sporting,26177360,174,146,7343602;5042916;550718,http://en.wikipedia.org/wiki/Sporting_Park,Sporting Park,sporting-park,sporting-park,UNK
Sporting,11490526,8,192,,http://en.wikipedia.org/wiki/Sporting_B.C.,Sporting B.C.,sporting-bc,sporting-bc,ORG
Sporting,79943,956,366,79943;769618,http://en.wikipedia.org/wiki/Sporting_de_Gijón,Sporting de Gijón,sporting-de-gijon,sporting-de-gijon,UNK
Sporting,769618,2044,520,769618;9239;7033582;79943;22576;6996277;555344,http://en.wikipedia.org/wiki/Sporting_Clube_de_Portugal,Sporting Clube de Portugal,sporting-clube-de-portugal,sporting-clube-de-portugal,UNK
Sporting,11150760,53,56,,"http://en.wikipedia.org/wiki/Sporting,_Alexandria,_Egypt","Sporting, Alexandria, Egypt",sporting-alexandria-egypt,sporting-alexandria-egypt,UNK
Sporting,7576724,27,55,,http://en.wikipedia.org/wiki/Sporting_Group,Sporting Group,sporting-group,sporting-group,UNK
Sporting,7033582,77,54,6996277;769618,http://en.wikipedia.org/wiki/Sporting_Clube_de_Portugal_(futsal),Sporting Clube de Portugal,sporting-clube-de-portugal,sporting-clube-de-portugal-futsal,UNK
Sporting,15283987,5,24,,http://en.wikipedia.org/wiki/Sporting_song,Sporting song,sporting-song,sporting-song,UNK
Sporting,25173026,0,2,,http://en.wikipedia.org/wiki/Sporting_District,Sporting District,sporting-district,sporting-district,UNK
Sporting,6996277,65,45,7033582;5042481;769618,http://en.wikipedia.org/wiki/Sporting_Clube_de_Portugal_(handball),Sporting Clube de Portugal,sporting-clube-de-portugal,sporting-clube-de-portugal-handball,UNK
Sporting,8944704,7,23,,http://en.wikipedia.org/wiki/Sporting_(Boa_Vista_Island),Sporting,sporting,sporting-boa-vista-island,UNK
Sporting,7343602,45,8,26177360,http://en.wikipedia.org/wiki/Sporting_Club,Sporting Club,sporting-club,sporting-club,UNK
Sporting,25778403,2710,132,13530298;3434750;25778403;22576;3354,http://en.wikipedia.org/wiki/Sport,Sport,sport,sport,UNK
Sporting,40117479,57,67,863,"http://en.wikipedia.org/wiki/Sporting_Hill,_Pennsylvania","Sporting Hill, Pennsylvania",sporting-hill-pennsylvania,sporting-hill-pennsylvania,UNK
Sporting,6721103,6,21,,http://en.wikipedia.org/wiki/Sporting_Clube_de_Porto_Novo,Sporting Clube de Porto Novo,sporting-clube-de-porto-novo,sporting-clube-de-porto-novo,UNK
Sporting,11907047,1,50,,"http://en.wikipedia.org/wiki/Sporting_District,_Omaha","Sporting District, Omaha",sporting-district-omaha,sporting-district-omaha,UNK
U.S.,3434750,529967,1252,863;1241;1890;1973;2154;3365792;3138;3354;3708;9015484;5195;6340;6999;6766;9239;9483;15660;22309;22576;27338;27566;31717;33170;3403042;1148663;11214212;72654;72311;67127;6788184;23455173;11181079;96607;92111;103973;2349327;114499;110853;111473;111530;111867;112296;120699;118243;116923;116630;115847;114889;130520;3318459;3318457;126646;125065;124397;124114;122884;139660;133621;135649;136047;139030;138956;158019;160735;37068084;1288758;5727912;25778403;28972206;9088582;27970654;3168340;199154;38000745;215892;1211158;11054565;16877460;238192;17866488;233474;281157;290327;312898;358518;17259359;328618;10328578;376996;4273494;386555;374336;1526892;410720;3499945;2398503;23222629;435793;36806601;436898;1459417;483857;480153;3434750;1447136;516772;507179;29313380;2477935;558060;1684950;38279445;25387901;25387678;1696576;578468;5042916;5042481;3868301;28355249;554755;9490944;21974174;38358054;28439418;595137;605077;30873921;617153;22923638;758368;758364;7174310;20596936;16071498;22868037;37500323;37515198;1956163;804243;3020050;789006;802066;19764185;9765073;5805422;1856192;882492;855087;20733060;2916729;974923;19851291;19792942;10764982;34340070;993078;23831085,http://en.wikipedia.org/wiki/United_States,United States,united-states,united-states,GPE
U.S.,10328578,210,402,435793;10328648;10328590;3434750;10328620;75235;10328575;887108;6310196,http://en.wikipedia.org/wiki/U.S._Route_90_in_Florida,U.S. Route 90 in Florida,us-route-90-in-florida,us-route-90-in-florida,UNK
U.S.,888778,214,271,887108;441501;79717;889461;428913;70780;435793;447879;238192;429750;889284;436898;75235,http://en.wikipedia.org/wiki/U.S._Route_35,U.S. Route 35,us-route-35,us-route-35,UNK
U.S.,75235,531,306,22398962;889461;888778;435793;447879;436898;10328578;887108;13949871;441501;79717;428913;70780;238192;429750;889284;6310196;902392,http://en.wikipedia.org/wiki/U.S._Route_1,U.S. Route 1,us-route-1,us-route-1,UNK
U.S.,889461,178,203,887108;441501;79717;5042916;428913;888778;70780;435793;447879;238192;429750;889284;436898;75235,http://en.wikipedia.org/wiki/U.S._Route_85,U.S. Route 85,us-route-85,us-route-85,UNK
U.S.,233474,102,93,3434750,http://en.wikipedia.org/wiki/U.S._Route_395,U.S. Route 395,us-route-395,us-route-395,UNK
U.S.,428913,269,293,889461;903062;888778;435793;447879;436898;75235;887108;441501;79717;70780;903385;238192;429750;889284,http://en.wikipedia.org/wiki/U.S._Route_80,U.S. Route 80,us-route-80,us-route-80,UNK
U.S.,10328648,378,412,903062;10328590;10328578;10328620;10328575;238192;6310196,http://en.wikipedia.org/wiki/U.S._Route_441_in_Florida,U.S. Route 441 in Florida,us-route-441-in-florida,us-route-441-in-florida,UNK
U.S.,18001101,2,1,,http://en.wikipedia.org/wiki/US-IL,US-IL,us-il,us-il,UNK
U.S.,13949871,158,165,75235,http://en.wikipedia.org/wiki/U.S._Route_1_in_Massachusetts,U.S. Route 1 in Massachusetts,us-route-1-in-massachusetts,us-route-1-in-massachusetts,UNK
U.S.,6310196,592,545,435793;10328648;10328590;10328578;10328620;10328575;6310196;447879;16071498;75235;238192,http://en.wikipedia.org/wiki/U.S._Route_1_in_Florida,U.S. Route 1 in Florida,us-route-1-in-florida,us-route-1-in-florida,UNK
U.S.,429750,276,240,887108;441501;79717;5042916;889461;428913;888778;70780;435793;447879;238192;889284;436898;75235,http://en.wikipedia.org/wiki/U.S._Route_75,U.S. Route 75,us-route-75,us-route-75,UNK
U.S.,902392,245,190,22398962;436898;10328620;75235;10328575;7261326,http://en.wikipedia.org/wiki/U.S._Route_301,U.S. Route 301,us-route-301,us-route-301,UNK
U.S.,7261326,105,136,902392,http://en.wikipedia.org/wiki/U.S._Route_301_in_Maryland,U.S. Route 301 in Maryland,us-route-301-in-maryland,us-route-301-in-maryland,UNK
U.S.,605077,301,341,3434750,http://en.wikipedia.org/wiki/.us,.us,us,us,UNK
U.S.,22398962,54,109,75235;902392,http://en.wikipedia.org/wiki/U.S._Route_301_in_South_Carolina,U.S. Route 301 in South Carolina,us-route-301-in-south-carolina,us-route-301-in-south-carolina,UNK
U.S.,889284,455,321,889461;888778;435793;447879;436898;75235;887108;441501;10540092;79717;428913;70780;238192;429750,http://en.wikipedia.org/wiki/U.S._Route_70,U.S. Route 70,us-route-70,us-route-70,UNK
U.S.,21559355,95,143,5042916,http://en.wikipedia.org/wiki/U.S._Route_95_in_Idaho,U.S. Route 95 in Idaho,us-route-95-in-idaho,us-route-95-in-idaho,UNK
U.S.,444113,128,143,5042916,http://en.wikipedia.org/wiki/U.S._Route_281,U.S. Route 281,us-route-281,us-route-281,UNK
U.S.,6737193,115,173,887108;6766,http://en.wikipedia.org/wiki/U.S._Route_29_in_Virginia,U.S. Route 29 in Virginia,us-route-29-in-virginia,us-route-29-in-virginia,UNK
U.S.,903062,82,123,10328575;903385;887108;447879;10328648;428913,http://en.wikipedia.org/wiki/U.S._Route_441,U.S. Route 441,us-route-441,us-route-441,UNK
U.S.,18001106,3,1,,http://en.wikipedia.org/wiki/US-IN,US-IN,us-in,us-in,UNK
U.S.,435793,251,290,889461;498188;888778;447879;436898;10328578;3434750;75235;887108;441501;79717;428913;70780;238192;429750;889284;6310196,http://en.wikipedia.org/wiki/U.S._Route_90,U.S. Route 90,us-route-90,us-route-90,UNK
U.S.,10328575,231,291,903062;447879;238192;6310196;10328648;10328590;10328578;10328620;902392,http://en.wikipedia.org/wiki/U.S._Route_41_in_Florida,U.S. Route 41 in Florida,us-route-41-in-florida,us-route-41-in-florida,UNK
U.S.,447879,394,337,16304842;3138;889461;903062;676303;888778;435793;436898;75235;10328575;887108;9180009;441501;79717;428913;70780;8675595;238192;429750;889284;6310196,http://en.wikipedia.org/wiki/U.S._Route_41,U.S. Route 41,us-route-41,us-route-41,UNK
U.S.,8675595,89,159,447879;9180009;16304842,http://en.wikipedia.org/wiki/U.S._Route_41_in_Wisconsin,U.S. Route 41 in Wisconsin,us-route-41-in-wisconsin,us-route-41-in-wisconsin,UNK
U.S.,4394669,0,167,,"http://en.wikipedia.org/wiki/Us,_Val-d'Oise","Us, Val-d'Oise",us-val-doise,us-val-doise,UNK
U.S.,498188,102,154,435793,http://en.wikipedia.org/wiki/U.S._Route_190,U.S. Route 190,us-route-190,us-route-190,UNK
U.S.,903385,68,230,903062;428913;238192,http://en.wikipedia.org/wiki/U.S._Route_280,U.S. Route 280,us-route-280,us-route-280,UNK
U.S.,10328590,233,357,10328648;10328578;10328620;10328575;887108;6310196;863,http://en.wikipedia.org/wiki/U.S._Route_98_in_Florida,U.S. Route 98 in Florida,us-route-98-in-florida,us-route-98-in-florida,UNK
U.S.,70780,396,232,889461;888778;435793;447879;436898;215892;75235;887108;441501;2440624;79717;483857;428913;238192;429750;889284;3868301,http://en.wikipedia.org/wiki/U.S._Route_101,U.S. Route 101,us-route-101,us-route-101,UNK
U.S.,2440624,133,162,70780;3868301,http://en.wikipedia.org/wiki/U.S._Route_101_in_Oregon,U.S. Route 101 in Oregon,us-route-101-in-oregon,us-route-101-in-oregon,UNK
U.S.,887108,283,260,3138;889461;903062;888778;435793;447879;436898;10328590;10328578;75235;441501;6737193;79717;428913;70780;238192;429750;889284;863,http://en.wikipedia.org/wiki/U.S._Route_29,U.S. Route 29,us-route-29,us-route-29,UNK
U.S.,10540092,68,122,889284;441501,http://en.wikipedia.org/wiki/U.S._Route_60_in_Arizona,U.S. Route 60 in Arizona,us-route-60-in-arizona,us-route-60-in-arizona,UNK
U.S.,16304842,112,175,8675595;447879;863,http://en.wikipedia.org/wiki/U.S._Route_41_in_Michigan,U.S. Route 41 in Michigan,us-route-41-in-michigan,us-route-41-in-michigan,UNK
U.S.,441501,524,288,889461;758368;888778;5430296;435793;447879;436898;75235;887108;136047;10540092;79717;428913;70780;238192;429750;889284,http://en.wikipedia.org/wiki/U.S._Route_60,U.S. Route 60,us-route-60,us-route-60,UNK
U.S.,10328620,138,207,10328575;238192;6310196;10328648;10328590;10328578;902392,http://en.wikipedia.org/wiki/U.S._Route_301_in_Florida,U.S. Route 301 in Florida,us-route-301-in-florida,us-route-301-in-florida,UNK
U.S.,3868301,350,531,3434750;2440624;79717;70780,http://en.wikipedia.org/wiki/U.S._Route_101_in_California,U.S. Route 101 in California,us-route-101-in-california,us-route-101-in-california,UNK
U.S.,238192,394,239,889461;758368;888778;435793;447879;436898;10328648;3434750;10328620;75235;10328575;887108;441501;79717;428913;70780;903385;429750;889284;6310196,http://en.wikipedia.org/wiki/U.S._Route_27,U.S. Route 27,us-route-27,us-route-27,UNK
U.S.,9180009,81,51,8675595;447879;79717,http://en.wikipedia.org/wiki/U.S._Route_41_in_Illinois,U.S. Route 41 in Illinois,us-route-41-in-illinois,us-route-41-in-illinois,UNK
U.S.,436898,769,483,889461;435793;887108;441501;889284;429750;902392;888778;447879;3434750;75235;79717;428913;70780;238192,http://en.wikipedia.org/wiki/U.S._Route_40,U.S. Route 40,us-route-40,us-route-40,UNK
U.S.,79717,694,442,889461;435793;887108;9180009;441501;889284;429750;3868301;888778;447879;436898;75235;617153;79717;428913;70780;238192,http://en.wikipedia.org/wiki/U.S._Route_66,U.S. Route 66,us-route-66,us-route-66,UNK
U.S.,5430296,83,224,441501,http://en.wikipedia.org/wiki/U.S._Route_60_in_Kentucky,U.S. Route 60 in Kentucky,us-route-60-in-kentucky,us-route-60-in-kentucky,UNK
Canada,5042916,159749,788,281157;1890;1973;3138;3354;5195;5873;6340;6999;290327;4236671;15660;578468;22309;1702572;6108438;22576;27338;27566;31717;17232762;39173;26177360;5042916;5042481;3020050;6150783;296105;802066;11214212;550718;72311;1335869;67118;67116;22687299;17259359;75763;889461;328618;96607;595137;21175158;855087;1110101;15093008;3487272;974923;1526892;21786538;410720;7954202;19851291;160735;30956620;952445;20420437;443296;444113;1288758;28000637;28972206;429750;21559355;9089046;481669;480153;27970654;3434750;26544195;7174310;6399816;20596936;232832;2477935;28212463;249620,http://en.wikipedia.org/wiki/Canada,Canada,canada,canada,GPE
Canada,28212463,109,24,5042916,http://en.wikipedia.org/wiki/Canada_Rugby_League,Canada Rugby League,canada-rugby-league,canada-rugby-league,UNK
Canada,5873,385,254,5042916;19851291;5195;20596936;6999;2517917;75763,http://en.wikipedia.org/wiki/Canada_Day,Canada Day,canada-day,canada-day,UNK
Canada,6999,942,760,5042916;19851291;6340;21175158;158019;7174310;863;249620;5195;3434750;1110101;5873;1973;75763,http://en.wikipedia.org/wiki/Culture_of_Canada,Culture of Canada,culture-of-canada,culture-of-canada,UNK
Canada,27951722,110,80,,"http://en.wikipedia.org/wiki/Cañada,_Oaxaca","Cañada, Oaxaca",canada-oaxaca,canada-oaxaca,UNK
Canada,27393829,1,10,27393829,http://en.wikipedia.org/wiki/Canada_(magazine),Canada,canada,canada-magazine,ORG
Canada,20596936,17,22,3434750;481669;5042916;5873,http://en.wikipedia.org/wiki/CANADA!,CANADA!,canada,canada,UNK
Canada,3403042,61,68,3434750,http://en.wikipedia.org/wiki/Battle_of_Cañada,Battle of Cañada,battle-of-canada,battle-of-canada,UNK
Canada,1335869,148,250,5042916;152256,http://en.wikipedia.org/wiki/Canada_Bay,Canada Bay,canada-bay,canada-bay,UNK
Canada,23736858,1,10,,http://en.wikipedia.org/wiki/Canada_(1891),Canada,canada,canada-1891,UNK
Canada,4258891,100,17,,http://en.wikipedia.org/wiki/Cañada_College,Cañada College,canada-college,canada-college,ORG
Canada,75763,8024,293,19851291;5195;5873;6999;1110101;5042916;249620;75763;21175158;31717;952445,http://en.wikipedia.org/wiki/Provinces_and_territories_of_Canada,Provinces and territories of Canada,provinces-and-territories-of-canada,provinces-and-territories-of-canada,UNK
Canada,34342869,0,5,,http://en.wikipedia.org/wiki/Canada_Township,Canada Township,canada-township,canada-township,GPE
Canada,5195,526,409,5042916;31717;27338;19851291;5195;21175158;3434750;6999;5873;75763,http://en.wikipedia.org/wiki/Economy_of_Canada,Economy of Canada,economy-of-canada,economy-of-canada,UNK
Canada,37068084,83,103,3434750,"http://en.wikipedia.org/wiki/Canada,_Kentucky","Canada, Kentucky",canada-kentucky,canada-kentucky,UNK
Canada,27970654,67,108,5042916;3434750,"http://en.wikipedia.org/wiki/Canada,_Kansas","Canada, Kansas",canada-kansas,canada-kansas,GPE
Canada,6108438,56,79,5042916,http://en.wikipedia.org/wiki/Canada_(Epcot),Canada,canada,canada-epcot,UNK
Canada,15489429,2,4,,"http://en.wikipedia.org/wiki/Cañada,_Alaquines,_San_Luis_Potosí","Cañada, Alaquines, San Luis Potosí",canada-alaquines-san-luis-potosi,canada-alaquines-san-luis-potosi,UNK
Canada,6150783,4,9,5042916,http://en.wikipedia.org/wiki/Canada_Building_(Windsor),Canada Building,canada-building,canada-building-windsor,UNK
Canada,15435556,142,134,,"http://en.wikipedia.org/wiki/Cañada,_Alicante","Cañada, Alicante",canada-alicante,canada-alicante,GPE
Canada,30956620,5,11,5042916,http://en.wikipedia.org/wiki/Canada_Building_(Saskatoon),Canada Building,canada-building,canada-building-saskatoon,UNK
Canada,380212,51,39,,http://en.wikipedia.org/wiki/Canada_Company,Canada Company,canada-company,canada-company,UNK
Canada,481669,158,77,20596936;5042916,http://en.wikipedia.org/wiki/Canada_Party,Canada Party,canada-party,canada-party,UNK
Canada,28175785,0,6,,http://en.wikipedia.org/wiki/About_Canada,About Canada,about-canada,about-canada,UNK
Canada,6765507,1,5,,"http://en.wikipedia.org/wiki/Cañada,_Guanajuato","Cañada, Guanajuato",canada-guanajuato,canada-guanajuato,UNK
Canada,21974174,0,10,3434750,"http://en.wikipedia.org/wiki/Canada,_Virginia","Canada, Virginia",canada-virginia,canada-virginia,UNK
Canada,27209834,2,8,27209834,"http://en.wikipedia.org/wiki/La_Cañada,_Santiago_del_Estero","La Cañada, Santiago del Estero",la-canada-santiago-del-estero,la-canada-santiago-del-estero,GPE
Canada,26562575,1,9,,http://en.wikipedia.org/wiki/Canada_(unit),Canada,canada,canada-unit,UNK
Canada,35632474,2,4,,http://en.wikipedia.org/wiki/Canada_(1800),Canada,canada,canada-1800,PER
Canada,18262532,13,13,,http://en.wikipedia.org/wiki/Canada_Stadium,Canada Stadium,canada-stadium,canada-stadium,UNK
Canada,3487272,83,110,3487272;5042916,http://en.wikipedia.org/wiki/Canada_Park,Canada Park,canada-park,canada-park,UNK
Canada,1110101,403,210,5042916;19851291;6999;158019;75763,http://en.wikipedia.org/wiki/Canada_(New_France),Canada,canada,canada-new-france,UNK
Canada,249620,385,294,5042916;19851291;9239;6999;75763,http://en.wikipedia.org/wiki/Same-sex_marriage_in_Canada,Same-sex marriage in Canada,same-sex-marriage-in-canada,same-sex-marriage-in-canada,UNK
Canada,296105,203,124,5042916;191890,http://en.wikipedia.org/wiki/Canada_AM,Canada AM,canada-am,canada-am,UNK
Canada,11054565,1,14,3434750,http://en.wikipedia.org/wiki/Canada_(band),Canada,canada,canada-band,UNK
Canada,4787510,289,72,,http://en.wikipedia.org/wiki/Ecclesiastical_Province_of_Canada,Ecclesiastical Province of Canada,ecclesiastical-province-of-canada,ecclesiastical-province-of-canada,UNK
Donovan Bailey,67116,215,201,67127;67118;15660;5042916;22576;5058739;39173;27566;72311,http://en.wikipedia.org/wiki/Donovan_Bailey,Donovan Bailey,donovan-bailey,donovan-bailey,PER
Linford Christie,67118,420,360,96607;67127;67116;11214212;5042916;31717;22576;39173;72311;789006;15660;4037245,http://en.wikipedia.org/wiki/Linford_Christie,Linford Christie,linford-christie,linford-christie,PER
Linford Christie,4037245,32,13,22576;67118;31717,http://en.wikipedia.org/wiki/Linford_Christie_Stadium,Linford Christie Stadium,linford-christie-stadium,linford-christie-stadium,UNK
Britain,31717,184306,1536,1890;3138;3354;3708;5195;6340;7129;9239;9483;13525;15660;578468;27334914;22309;22576;27338;27566;31717;33170;39173;804243;5042916;3020050;789006;304821;802066;11214212;6430550;72311;1619245;67127;67118;914151;75763;87187;83410;328618;7514548;96607;5058739;11787932;595137;26450398;1856192;21175158;855087;17271126;974923;412419;410720;4037245;19851291;158019;409543;406269;152256;36806601;28972206;30682034;10505271;13530298;1187515;480153;3434750;217537;6169771;2477935,http://en.wikipedia.org/wiki/United_Kingdom,United Kingdom,united-kingdom,united-kingdom,GPE
Britain,25191544,6,11,,http://en.wikipedia.org/wiki/Mr._Britain,Mr. Britain,mr-britain,mr-britain,UNK
Britain,3365792,82,95,3434750;2154,"http://en.wikipedia.org/wiki/Britain,_Virginia","Britain, Virginia",britain-virginia,britain-virginia,GPE
Britain,38279445,148,154,3434750,"http://en.wikipedia.org/wiki/Little_Britain,_Pennsylvania","Little Britain, Pennsylvania",little-britain-pennsylvania,little-britain-pennsylvania,GPE
Britain,12386536,24,23,,"http://en.wikipedia.org/wiki/Little_Britain,_London","Little Britain, London",little-britain-london,little-britain-london,GPE
Britain,412419,404,297,31717;412419,http://en.wikipedia.org/wiki/Captain_Britain,Captain Britain,captain-britain,captain-britain,UNK
Britain,480153,370,113,5042916;31717;3434750,http://en.wikipedia.org/wiki/Little_Britain,Little Britain,little-britain,little-britain,UNK
Britain,17271126,68,172,158019;13530298;152256;31717;13525,http://en.wikipedia.org/wiki/Britain_(placename),Britain,britain,britain-placename,UNK
Britain,13530298,15528,510,974923;6340;804243;7129;1187515;9239;755102;13525;25778403;19851291;158019;789006;22576;217537;17271126;152256;31717,http://en.wikipedia.org/wiki/Great_Britain,Great Britain,great-britain,great-britain,UNK
Britain,1185144,86,82,,"http://en.wikipedia.org/wiki/Little_Britain,_New_York","Little Britain, New York",little-britain-new-york,little-britain-new-york,UNK
Britain,409543,134,241,31717;5042481,http://en.wikipedia.org/wiki/New_Communist_Party_of_Britain,New Communist Party of Britain,new-communist-party-of-britain,new-communist-party-of-britain,UNK
Britain,158019,6631,401,13530298;3434750;158019;7129;6999;1110101;9239;17271126;386555;152256;1288758;13525;31717;3168340,http://en.wikipedia.org/wiki/Kingdom_of_Great_Britain,Kingdom of Great Britain,kingdom-of-great-britain,kingdom-of-great-britain,GPE
Britain,13525,2496,556,13530298;152256;13525;7129;158019;31717;17271126,http://en.wikipedia.org/wiki/Roman_Britain,Roman Britain,roman-britain,roman-britain,ORG
Britain,20823802,57,65,,"http://en.wikipedia.org/wiki/Britain,_Australia_and_the_Bomb","Britain, Australia and the Bomb",britain-australia-and-the-bomb,britain-australia-and-the-bomb,UNK
Britain,7954202,68,60,5042916,"http://en.wikipedia.org/wiki/Little_Britain,_Ontario","Little Britain, Ontario",little-britain-ontario,little-britain-ontario,UNK
Britain,152256,8595,755,13530298;863;158019;1335869;83410;9239;27566;17271126;152256;13525;31717,http://en.wikipedia.org/wiki/United_Kingdom_of_Great_Britain_and_Ireland,United Kingdom of Great Britain and Ireland,united-kingdom-of-great-britain-and-ireland,united-kingdom-of-great-britain-and-ireland,GPE
Carl Lewis,67127,874,754,72654;804243;72311;882492;5042481;993078;96607;67118;67116;1148663;31717;22576;3434750;802066;15660,http://en.wikipedia.org/wiki/Carl_Lewis,Carl Lewis,carl-lewis,carl-lewis,UNK
Mitchell,1148663,430,406,67127;72654;40334603;22576;3434750;6829072;30682034;72311;802066;882492;993078,http://en.wikipedia.org/wiki/Dennis_Mitchell,Dennis Mitchell,dennis-mitchell,dennis-mitchell,PER
Mitchell,30682034,5,12,3708;31717;9239;1148663,http://en.wikipedia.org/wiki/Dennis_Mitchell_(pilot),Dennis Mitchell,dennis-mitchell,dennis-mitchell-pilot,PER
Bailey,67116,215,201,67127;67118;15660;5042916;22576;5058739;39173;27566;72311,http://en.wikipedia.org/wiki/Donovan_Bailey,Donovan Bailey,donovan-bailey,donovan-bailey,PER
Zurich,40334603,3186,481,245620;253102;59568;555344;269753;22757515;6369019;804243;1148663,http://en.wikipedia.org/wiki/Zürich,Zürich,zurich,zurich,UNK
Zurich,555344,1070,523,40334603;769618;27338;5058739,http://en.wikipedia.org/wiki/FC_Zürich,FC Zürich,fc-zurich,fc-zurich,UNK
Zurich,22868037,133,140,3434750,"http://en.wikipedia.org/wiki/Zurich,_California","Zurich, California",zurich-california,zurich-california,GPE
Zurich,6369019,3,11,40334603,http://en.wikipedia.org/wiki/Zürich_model,Zürich model,zurich-model,zurich-model,ORG
Zurich,5280601,147,30,,http://en.wikipedia.org/wiki/Zurich_Opera,Zurich Opera,zurich-opera,zurich-opera,ORG
Zurich,38000745,16,26,3434750,"http://en.wikipedia.org/wiki/Zurich,_Montana","Zurich, Montana",zurich-montana,zurich-montana,UNK
Zurich,114889,13,218,3434750,"http://en.wikipedia.org/wiki/Zurich,_Kansas","Zurich, Kansas",zurich-kansas,zurich-kansas,GPE
Zurich,443296,18,12,5042916,"http://en.wikipedia.org/wiki/Zurich,_Ontario","Zurich, Ontario",zurich-ontario,zurich-ontario,GPE
Zurich,59568,219,107,40334603;22757515;111473;245620;59568,http://en.wikipedia.org/wiki/Lake_Zurich,Lake Zurich,lake-zurich,lake-zurich,UNK
Zurich,253102,444,299,269753;40334603;179081;4318956;245620,http://en.wikipedia.org/wiki/Zurich_Airport,Zurich Airport,zurich-airport,zurich-airport,UNK
Zurich,111473,169,396,3434750;59568,"http://en.wikipedia.org/wiki/Lake_Zurich,_Illinois","Lake Zurich, Illinois",lake-zurich-illinois,lake-zurich-illinois,UNK
Zurich,245620,631,191,40334603;22757515;253102;59568,http://en.wikipedia.org/wiki/Canton_of_Zürich,Canton of Zürich,canton-of-zurich,canton-of-zurich,GPE
Zurich,22757515,66,98,245620;40334603;59568,http://en.wikipedia.org/wiki/Zürich_District,Zürich District,zurich-district,zurich-district,GPE
Zurich,21033168,4,80,21033168,"http://en.wikipedia.org/wiki/Zurich,_Friesland","Zurich, Friesland",zurich-friesland,zurich-friesland,GPE
Zurich,314803,706,130,,http://en.wikipedia.org/wiki/University_of_Zurich,University of Zurich,university-of-zurich,university-of-zurich,ORG
Atlanta Games,72311,5721,561,4273494;5042916;6829072;1391178;863;3434750;802066;72654;2140;72311;993078;96607;3138;27566;3354;33673747;1243315;67127;67118;67116;595137;927703;558060;30873921;882492;274851;1148663;31717;22576;1233952;15660,http://en.wikipedia.org/wiki/1996_Summer_Olympics,1996 Summer Olympics,1996-summer-olympics,1996-summer-olympics,UNK
Canadian,7174310,1,278,5042916;19851291;6999;2154;1890;6340;19792942;1973;3434750,http://en.wikipedia.org/wiki/American_Canadian,American Canadian,american-canadian,american-canadian,UNK
Canadian,136047,323,375,3434750;617153;441501,"http://en.wikipedia.org/wiki/Canadian,_Texas","Canadian, Texas",canadian-texas,canadian-texas,GPE
Canadian,617153,208,50,136047;79717;92111;3434750,http://en.wikipedia.org/wiki/Canadian_River,Canadian River,canadian-river,canadian-river,UNK
Canadian,6340,1256,589,5042916;13530298;7174310;1241;3434750;1890;1973;19851291;2154;6340;21175158;6999;103973;31717;15660,http://en.wikipedia.org/wiki/Canadian_English,Canadian English,canadian-english,canadian-english,ORG
Canadian,9089046,5,9,5042916,http://en.wikipedia.org/wiki/Canadian_Bandurist_Capella,Canadian Bandurist Capella,canadian-bandurist-capella,canadian-bandurist-capella,UNK
Canadian,17232762,30,39,5042916,http://en.wikipedia.org/wiki/Canadian_College,Canadian College,canadian-college,canadian-college,ORG
Canadian,26544195,41,8,5042916;26544195,http://en.wikipedia.org/wiki/Canadian_Musician,Canadian Musician,canadian-musician,canadian-musician,ORG
Canadian,281157,198,250,9239;5042916;3434750,http://en.wikipedia.org/wiki/Canadian_Airlines,Canadian Airlines,canadian-airlines,canadian-airlines,ORG
Canadian,130520,35,46,3434750,"http://en.wikipedia.org/wiki/Canadian,_Oklahoma","Canadian, Oklahoma",canadian-oklahoma,canadian-oklahoma,GPE
Canadian,19851291,1524,619,5042916;13530298;7174310;863;249620;5195;3434750;5873;75763;6340;6999;31717;1110101,http://en.wikipedia.org/wiki/Canadians,Canadians,canadians,canadians,UNK
Canadian,2477935,122,138,2477935;5042916;31717;21175158;3434750,http://en.wikipedia.org/wiki/Canadian_Chinese_cuisine,Canadian Chinese cuisine,canadian-chinese-cuisine,canadian-chinese-cuisine,UNK
Canadian,6399816,78,77,5042916;2826281,http://en.wikipedia.org/wiki/Canadian_GAA,Canadian GAA,canadian-gaa,canadian-gaa,GPE
Canadian,1684950,6,20,3434750,http://en.wikipedia.org/wiki/Canadian_River_(Colorado),Canadian River,canadian-river,canadian-river-colorado,UNK
Canadian,21336436,40,47,,"http://en.wikipedia.org/wiki/Canadian,_Victoria","Canadian, Victoria",canadian-victoria,canadian-victoria,UNK
Canadian,4526025,84,25,,http://en.wikipedia.org/wiki/Canadian_Division,Canadian Division,canadian-division,canadian-division,ORG
Canadian,1526892,168,210,5042916;3434750,http://en.wikipedia.org/wiki/Canadian_(train),Canadian,canadian,canadian-train,UNK
Canadian,1702572,66,78,5042916,http://en.wikipedia.org/wiki/Canadian_Club,Canadian Club,canadian-club,canadian-club,UNK
Canadian,17259359,3,27,3434750;5042916,http://en.wikipedia.org/wiki/Canadian_International_(badminton),Canadian International,canadian-international,canadian-international-badminton,PER
Canadian,328618,637,343,5042916;31717;5058739;328618;3434750,http://en.wikipedia.org/wiki/Canadian_Space_Agency,Canadian Space Agency,canadian-space-agency,canadian-space-agency,ORG
Canadian,4236671,83,91,5042916,http://en.wikipedia.org/wiki/Canadian_Silver_Maple_Leaf,Canadian Silver Maple Leaf,canadian-silver-maple-leaf,canadian-silver-maple-leaf,UNK
Canadian,92111,394,276,3434750;617153;92111,"http://en.wikipedia.org/wiki/Canadian_County,_Oklahoma","Canadian County, Oklahoma",canadian-county-oklahoma,canadian-county-oklahoma,GPE
Canadian,952445,14,28,75763;5042916,http://en.wikipedia.org/wiki/Canadian_Party,Canadian Party,canadian-party,canadian-party,UNK
Lewis,67127,874,754,72654;804243;72311;882492;5042481;993078;96607;67118;67116;1148663;31717;22576;3434750;802066;15660,http://en.wikipedia.org/wiki/Carl_Lewis,Carl Lewis,carl-lewis,carl-lewis,UNK
Atlanta,72311,5721,561,4273494;5042916;6829072;1391178;863;3434750;802066;72654;2140;72311;993078;96607;3138;27566;3354;33673747;1243315;67127;67118;67116;595137;927703;558060;30873921;882492;274851;1148663;31717;22576;1233952;15660,http://en.wikipedia.org/wiki/1996_Summer_Olympics,1996 Summer Olympics,1996-summer-olympics,1996-summer-olympics,UNK
Atlanta,676303,775,237,3138;447879,http://en.wikipedia.org/wiki/Atlanta_Motor_Speedway,Atlanta Motor Speedway,atlanta-motor-speedway,atlanta-motor-speedway,UNK
Atlanta,34340070,71,217,3138;3434750,http://en.wikipedia.org/wiki/Geography_of_Atlanta,Geography of Atlanta,geography-of-atlanta,geography-of-atlanta,UNK
Atlanta,3691582,8,34,,"http://en.wikipedia.org/wiki/Atlanta,_Knoxville_and_Northern_Railway","Atlanta, Knoxville and Northern Railway",atlanta-knoxville-and-northern-railway,atlanta-knoxville-and-northern-railway,UNK
Atlanta,403899,55,101,3138;437818;236101,http://en.wikipedia.org/wiki/USS_Atlanta_(CL-51),USS Atlanta,uss-atlanta,uss-atlanta-cl-51,UNK
Atlanta,21786538,2,6,5042916,"http://en.wikipedia.org/wiki/Atlanta,_Nova_Scotia","Atlanta, Nova Scotia",atlanta-nova-scotia,atlanta-nova-scotia,GPE
Atlanta,20733060,6,46,9239;3138;3434750,http://en.wikipedia.org/wiki/University_of_Atlanta,University of Atlanta,university-of-atlanta,university-of-atlanta,UNK
Atlanta,1475674,15,29,,http://en.wikipedia.org/wiki/Atlanta_Nights,Atlanta Nights,atlanta-nights,atlanta-nights,UNK
Atlanta,374336,3,18,9088582;3434750,http://en.wikipedia.org/wiki/Atlanta_Airport_(Idaho),Atlanta Airport,atlanta-airport,atlanta-airport-idaho,UNK
Atlanta,3138,13067,1125,863;2140;12654410;2154;72311;3138;12865008;3354;3708;595137;4273494;5042916;3020050;111530;447879;914151;15660;23170240;1391178;3434750;403899;507179;887108;30873921;22576;676303;96607;27566;20733060;34340070;274851;31717;5058739,http://en.wikipedia.org/wiki/Atlanta,Atlanta,atlanta,atlanta,GPE
Atlanta,20107213,2,3,,http://en.wikipedia.org/wiki/Atlanta_(singer),Atlanta,atlanta,atlanta-singer,UNK
Atlanta,9088582,23,46,374336;3434750;863,"http://en.wikipedia.org/wiki/Atlanta,_Idaho","Atlanta, Idaho",atlanta-idaho,atlanta-idaho,GPE
Atlanta,25350997,48,53,,"http://en.wikipedia.org/wiki/Atlanta,_California","Atlanta, California",atlanta-california,atlanta-california,GPE
Atlanta,914170,29,38,9239;236101,http://en.wikipedia.org/wiki/USS_Atlanta_(1884),USS Atlanta,uss-atlanta,uss-atlanta-1884,UNK
Atlanta,236101,9,13,914170;437818;1077941;403899;914151,http://en.wikipedia.org/wiki/USS_Atlanta,USS Atlanta,uss-atlanta,uss-atlanta,UNK
Atlanta,32078094,173,185,,http://en.wikipedia.org/wiki/Atlanta_(steamboat_1908),Atlanta,atlanta,atlanta-steamboat-1908,UNK
Atlanta,111530,80,84,9765073;3138;3434750,"http://en.wikipedia.org/wiki/Atlanta,_Illinois","Atlanta, Illinois",atlanta-illinois,atlanta-illinois,GPE
Atlanta,122884,29,54,3434750,"http://en.wikipedia.org/wiki/Atlanta,_Missouri","Atlanta, Missouri",atlanta-missouri,atlanta-missouri,GPE
Atlanta,112296,51,60,3434750,"http://en.wikipedia.org/wiki/Atlanta,_Indiana","Atlanta, Indiana",atlanta-indiana,atlanta-indiana,GPE
Atlanta,2140,6254,884,2140;72311;3138;595137,http://en.wikipedia.org/wiki/Atlanta_Braves,Atlanta Braves,atlanta-braves,atlanta-braves,UNK
Atlanta,507179,226,189,3138;33673747;3434750,http://en.wikipedia.org/wiki/Atlanta_Marriott_Marquis,Atlanta Marriott Marquis,atlanta-marriott-marquis,atlanta-marriott-marquis,UNK
Atlanta,4033457,17,20,,http://en.wikipedia.org/wiki/Atlanta_(band),Atlanta,atlanta,atlanta-band,UNK
Atlanta,25387678,14,21,3434750,"http://en.wikipedia.org/wiki/Atlanta,_Arkansas","Atlanta, Arkansas",atlanta-arkansas,atlanta-arkansas,UNK
Atlanta,3694290,28,9,,"http://en.wikipedia.org/wiki/Atlanta,_Stone_Mountain_and_Lithonia_Railway","Atlanta, Stone Mountain and Lithonia Railway",atlanta-stone-mountain-and-lithonia-railway,atlanta-stone-mountain-and-lithonia-railway,UNK
Atlanta,115847,29,26,3434750,"http://en.wikipedia.org/wiki/Atlanta,_Louisiana","Atlanta, Louisiana",atlanta-louisiana,atlanta-louisiana,UNK
Atlanta,118243,46,46,3434750,"http://en.wikipedia.org/wiki/Atlanta,_Michigan","Atlanta, Michigan",atlanta-michigan,atlanta-michigan,GPE
Atlanta,23222629,139,159,3434750,"http://en.wikipedia.org/wiki/Atlanta,_Delaware","Atlanta, Delaware",atlanta-delaware,atlanta-delaware,UNK
Atlanta,23170240,67,48,3138;23170240,http://en.wikipedia.org/wiki/Atlanta_(magazine),Atlanta,atlanta,atlanta-magazine,ORG
Atlanta,9765073,53,310,3434750;111530,"http://en.wikipedia.org/wiki/Atlanta_Township,_Logan_County,_Illinois","Atlanta Township, Logan County, Illinois",atlanta-township-logan-county-illinois,atlanta-township-logan-county-illinois,UNK
Atlanta,139660,44,63,3434750,"http://en.wikipedia.org/wiki/Atlanta,_Wisconsin","Atlanta, Wisconsin",atlanta-wisconsin,atlanta-wisconsin,GPE
Atlanta,437818,48,80,403899;236101,http://en.wikipedia.org/wiki/USS_Atlanta_(CL-104),USS Atlanta,uss-atlanta,uss-atlanta-cl-104,UNK
Atlanta,3673970,255,259,3673948,"http://en.wikipedia.org/wiki/Atlanta,_Birmingham_and_Coast_Railroad","Atlanta, Birmingham and Coast Railroad",atlanta-birmingham-and-coast-railroad,atlanta-birmingham-and-coast-railroad,UNK
Atlanta,12865008,27,13,3138,http://en.wikipedia.org/wiki/Atlanta_Opera,Atlanta Opera,atlanta-opera,atlanta-opera,UNK
Atlanta,124397,57,83,3434750,"http://en.wikipedia.org/wiki/Atlanta_Township,_Becker_County,_Minnesota","Atlanta Township, Becker County, Minnesota",atlanta-township-becker-county-minnesota,atlanta-township-becker-county-minnesota,GPE
Atlanta,124114,32,56,3434750,"http://en.wikipedia.org/wiki/Atlanta,_Nebraska","Atlanta, Nebraska",atlanta-nebraska,atlanta-nebraska,GPE
Atlanta,25387901,18,26,3434750,"http://en.wikipedia.org/wiki/Atlanta,_Kentucky","Atlanta, Kentucky",atlanta-kentucky,atlanta-kentucky,UNK
Atlanta,3673948,253,246,3673970,"http://en.wikipedia.org/wiki/Atlanta,_Birmingham_and_Atlantic_Railway","Atlanta, Birmingham and Atlantic Railway",atlanta-birmingham-and-atlantic-railway,atlanta-birmingham-and-atlantic-railway,UNK
Atlanta,135649,146,85,5058739;3434750,"http://en.wikipedia.org/wiki/Atlanta,_Texas","Atlanta, Texas",atlanta-texas,atlanta-texas,GPE
Atlanta,274851,290,253,3138;72311,http://en.wikipedia.org/wiki/Metropolitan_Atlanta_Rapid_Transit_Authority,Metropolitan Atlanta Rapid Transit Authority,metropolitan-atlanta-rapid-transit-authority,metropolitan-atlanta-rapid-transit-authority,UNK
Atlanta,914151,58,157,863;3138;31717;236101,http://en.wikipedia.org/wiki/USS_Atlanta_(1861),USS Atlanta,uss-atlanta,uss-atlanta-1861,UNK
Atlanta,12151060,20,58,,http://en.wikipedia.org/wiki/Atlanta_(gastropod),Atlanta,atlanta,atlanta-gastropod,UNK
Atlanta,114499,54,77,3434750,"http://en.wikipedia.org/wiki/Atlanta,_Kansas","Atlanta, Kansas",atlanta-kansas,atlanta-kansas,GPE
Atlanta,1077941,70,82,236101,http://en.wikipedia.org/wiki/USS_Atlanta_(SSN-712),USS Atlanta,uss-atlanta,uss-atlanta-ssn-712,UNK
Atlanta,33673747,9,220,72311;507179,http://en.wikipedia.org/wiki/Atlanta_Hotel,Atlanta Hotel,atlanta-hotel,atlanta-hotel,UNK
Ato Boldon,96607,129,141,67127;67118;15660;3138;5042916;31717;22576;1969193;5058739;39173;3434750;72311,http://en.wikipedia.org/wiki/Ato_Boldon,Ato Boldon,ato-boldon,ato-boldon,PER
Ato Boldon,1969193,65,9,96607,http://en.wikipedia.org/wiki/Ato_Boldon_Stadium,Ato Boldon Stadium,ato-boldon-stadium,ato-boldon-stadium,UNK
Christie,67118,420,360,96607;67127;67116;11214212;5042916;31717;22576;39173;72311;789006;15660;4037245,http://en.wikipedia.org/wiki/Linford_Christie,Linford Christie,linford-christie,linford-christie,PER
Christie,4037245,32,13,22576;67118;31717,http://en.wikipedia.org/wiki/Linford_Christie_Stadium,Linford Christie Stadium,linford-christie-stadium,linford-christie-stadium,UNK
Europe,9239,51349,1032,281157;3354;3708;974923;17891966;9239;23620443;158019;22309;3499945;22576;27340;27338;26889;152256;20272716;31717;39173;30682034;13530298;769618;628999;1187515;358518;755102;914170;87187;3434750;5058739;13562519;5536860;20733060;249620,http://en.wikipedia.org/wiki/Europe,Europe,europe,europe,UNK
Europe,17891966,192,242,9239,http://en.wikipedia.org/wiki/Europe_(anthem),Europe,europe,europe-anthem,UNK
Europe,1659361,12,34,,http://en.wikipedia.org/wiki/European_Patent_Litigation_Agreement,European Patent Litigation Agreement,european-patent-litigation-agreement,european-patent-litigation-agreement,UNK
Europe,5805422,293,153,87187;3434750,http://en.wikipedia.org/wiki/European_Union_Microsoft_competition_case,European Union Microsoft competition case,european-union-microsoft-competition-case,european-union-microsoft-competition-case,ORG
Europe,15132000,13,28,,"http://en.wikipedia.org/wiki/Old_Europe,_New_Europe,_Core_Europe","Old Europe, New Europe, Core Europe",old-europe-new-europe-core-europe,old-europe-new-europe-core-europe,UNK
Europe,358518,602,118,5058739;358518;3434750;9239,http://en.wikipedia.org/wiki/Europe_(band),Europe,europe,europe-band,UNK
Europe,13659804,72,126,5058739;27338,http://en.wikipedia.org/wiki/European_Youth_Chess_Championship,European Youth Chess Championship,european-youth-chess-championship,european-youth-chess-championship,PER
Europe,11787932,277,273,31717;27338;5058739,http://en.wikipedia.org/wiki/European_driving_licence,European driving licence,european-driving-licence,european-driving-licence,UNK
Europe,2826281,77,84,6399816,http://en.wikipedia.org/wiki/Europe_GAA,Europe GAA,europe-gaa,europe-gaa,GPE
Europe,7514548,108,319,31717;5058739,http://en.wikipedia.org/wiki/Europe_Street,Europe Street,europe-street,europe-street,GPE
Europe,14051635,1,6,,http://en.wikipedia.org/wiki/DJ_Europe,DJ Europe,dj-europe,dj-europe,UNK
Europe,628999,133,18,9239;20272716,"http://en.wikipedia.org/wiki/Europe,_the_Middle_East_and_Africa","Europe, the Middle East and Africa",europe-the-middle-east-and-africa,europe-the-middle-east-and-africa,UNK
Europe,304821,111,138,31717;304821,http://en.wikipedia.org/wiki/2003_European_heat_wave,2003 European heat wave,2003-european-heat-wave,2003-european-heat-wave,UNK
Europe,755102,85,158,9239;13530298,http://en.wikipedia.org/wiki/Old_Europe_(archaeology),Old Europe,old-europe,old-europe-archaeology,UNK
Europe,13562519,17,304,9239;1187515,http://en.wikipedia.org/wiki/Greater_Europe,Greater Europe,greater-europe,greater-europe,ORG
Europe,855087,344,374,5042916;31717;22576;5058739;3434750,http://en.wikipedia.org/wiki/Europe_(dinghy),Europe,europe,europe-dinghy,UNK
Europe,406269,18,53,31717;5042481,http://en.wikipedia.org/wiki/Old_Europe_(politics),Old Europe,old-europe,old-europe-politics,ORG
Europe,12586001,1,13,,http://en.wikipedia.org/wiki/Europe_Lake,Europe Lake,europe-lake,europe-lake,UNK
Europe,503907,29,46,,http://en.wikipedia.org/wiki/Europe_(Paris_Métro),Europe,europe,europe-paris-metro,UNK
Europe,87187,825,370,5805422;87187;31717;5058739;9239;3708;2179597,http://en.wikipedia.org/wiki/European_Court_of_Justice,European Court of Justice,european-court-of-justice,european-court-of-justice,ORG
Europe,20272716,1,11,20272716;628999;9239,"http://en.wikipedia.org/wiki/Europe,_Middle_East,_Africa_and_Latin_America","Europe, Middle East, Africa and Latin America",europe-middle-east-africa-and-latin-america,europe-middle-east-africa-and-latin-america,UNK
Europe,26450398,2,11,31717,http://en.wikipedia.org/wiki/Europe/London,Europe/London,europe-london,europe-london,PER
Europe,3499945,3,21,3434750;9239,http://en.wikipedia.org/wiki/Europe_(story),Europe,europe,europe-story,UNK
Europe,1187515,306,383,13562519;31717;27340;27338;5058739;9239;1187515;3708;13530298;26889,http://en.wikipedia.org/wiki/Geography_of_Europe,Geography of Europe,geography-of-europe,geography-of-europe,UNK
Europe,23620443,13,20,9239,http://en.wikipedia.org/wiki/Europe_(magazine),Europe,europe,europe-magazine,UNK
Allen Johnson,802066,335,296,67127;72654;1148663;5042916;31717;22576;5058739;804243;3434750;72311;789006;882492;5042481;993078,http://en.wikipedia.org/wiki/Allen_Johnson,Allen Johnson,allen-johnson,allen-johnson,PER
Allen Johnson,27334914,4,13,31717,http://en.wikipedia.org/wiki/Allen_Johnson_(Indian_Army_officer),Allen Johnson,allen-johnson,allen-johnson-indian-army-officer,PER
Allen Johnson,8489678,4,9,,http://en.wikipedia.org/wiki/Allen_Johnson_(historian),Allen Johnson,allen-johnson,allen-johnson-historian,UNK
Colin Jackson,789006,323,261,67118;11214212;31717;22576;804243;39173;3434750;802066;15660;13530298,http://en.wikipedia.org/wiki/Colin_Jackson,Colin Jackson,colin-jackson,colin-jackson,PER
Colin Jackson,6169771,3,15,31717,http://en.wikipedia.org/wiki/Colin_Jackson_(politician),Colin Jackson,colin-jackson,colin-jackson-politician,PER
Colin Jackson,11044498,44,13,,http://en.wikipedia.org/wiki/Colin_Jackson_(footballer),Colin Jackson,colin-jackson,colin-jackson-footballer,PER
Johnson,802066,335,296,67127;72654;1148663;5042916;31717;22576;5058739;804243;3434750;72311;789006;882492;5042481;993078,http://en.wikipedia.org/wiki/Allen_Johnson,Allen Johnson,allen-johnson,allen-johnson,PER
Johnson,27334914,4,13,31717,http://en.wikipedia.org/wiki/Allen_Johnson_(Indian_Army_officer),Allen Johnson,allen-johnson,allen-johnson-indian-army-officer,PER
Johnson,8489678,4,9,,http://en.wikipedia.org/wiki/Allen_Johnson_(historian),Allen Johnson,allen-johnson,allen-johnson-historian,UNK
Roger Kingdom,804243,207,210,67127;802066;789006;31717;40334603;22576;13530298;5058739;3434750,http://en.wikipedia.org/wiki/Roger_Kingdom,Roger Kingdom,roger-kingdom,roger-kingdom,PER
Jackson,789006,323,261,67118;11214212;31717;22576;804243;39173;3434750;802066;15660;13530298,http://en.wikipedia.org/wiki/Colin_Jackson,Colin Jackson,colin-jackson,colin-jackson,PER
Jackson,6169771,3,15,31717,http://en.wikipedia.org/wiki/Colin_Jackson_(politician),Colin Jackson,colin-jackson,colin-jackson-politician,PER
Jackson,11044498,44,13,,http://en.wikipedia.org/wiki/Colin_Jackson_(footballer),Colin Jackson,colin-jackson,colin-jackson-footballer,PER
Sweden,5058739,77359,853,3138;3354;3708;976346;9239;133621;135649;15660;578468;22309;22576;27338;27566;26889;31717;804243;3767091;5042481;3020050;1288758;13659804;802066;555344;6430550;10505271;67116;1187515;358518;87187;328618;7514548;217537;96607;5058739;11787932;595137;4273494;10791592;1856192;882492;855087;30873921,http://en.wikipedia.org/wiki/Sweden,Sweden,sweden,sweden,GPE
Sweden,126646,65,64,3434750,"http://en.wikipedia.org/wiki/Sweden,_New_York","Sweden, New York",sweden-new-york,sweden-new-york,GPE
Sweden,10791592,32,39,5058739;10791592,http://en.wikipedia.org/wiki/Sweden_Party,Sweden Party,sweden-party,sweden-party,UNK
Sweden,26889,163,292,9239;217537;1187515;27340;5058739;26889;3354,http://en.wikipedia.org/wiki/Geography_of_Sweden,Geography of Sweden,geography-of-sweden,geography-of-sweden,UNK
Sweden,37500323,20,41,3434750,"http://en.wikipedia.org/wiki/Sweden,_Arkansas","Sweden, Arkansas",sweden-arkansas,sweden-arkansas,UNK
Sweden,133621,43,54,5058739;38358054;3434750,"http://en.wikipedia.org/wiki/Sweden_Township,_Potter_County,_Pennsylvania","Sweden Township, Potter County, Pennsylvania",sweden-township-potter-county-pennsylvania,sweden-township-potter-county-pennsylvania,GPE
Sweden,30241072,11,21,,"http://en.wikipedia.org/wiki/Sweden,_Texas","Sweden, Texas",sweden-texas,sweden-texas,UNK
Sweden,38358054,40,54,3434750;133621,"http://en.wikipedia.org/wiki/Sweden_Valley,_Pennsylvania","Sweden Valley, Pennsylvania",sweden-valley-pennsylvania,sweden-valley-pennsylvania,GPE
Sweden,3767091,118,72,5058739;578468,http://en.wikipedia.org/wiki/Australian_rules_football_in_Sweden,Australian rules football in Sweden,australian-rules-football-in-sweden,australian-rules-football-in-sweden,PER
Sweden,976346,30,39,5058739,http://en.wikipedia.org/wiki/Name_of_Sweden,Name of Sweden,name-of-sweden,name-of-sweden,UNK
Sweden,6430550,146,185,31717;5058739,http://en.wikipedia.org/wiki/Sweden_and_the_euro,Sweden and the euro,sweden-and-the-euro,sweden-and-the-euro,UNK
Sweden,217537,459,295,31717;5058739;217537;22309;13530298;26889,http://en.wikipedia.org/wiki/Union_between_Sweden_and_Norway,Union between Sweden and Norway,union-between-sweden-and-norway,union-between-sweden-and-norway,GPE
Sweden,116094,60,85,,"http://en.wikipedia.org/wiki/Sweden,_Maine","Sweden, Maine",sweden-maine,sweden-maine,GPE
Sweden,578468,3430,805,5042916;3434750;1008145;578468;31717;5058739;3767091,http://en.wikipedia.org/wiki/Sweden_national_football_team,Sweden national football team,sweden-national-football-team,sweden-national-football-team,UNK
Ludmila Engquist,30873921,97,77,22576;5058739;72654;3138;3020050;3434750;6829072;72311,http://en.wikipedia.org/wiki/Ludmila_Engquist,Ludmila Engquist,ludmila-engquist,ludmila-engquist,PER
Brigita Bukovec,4273494,58,54,22576;3138;27338;5058739;3434750;72311,http://en.wikipedia.org/wiki/Brigita_Bukovec,Brigita Bukovec,brigita-bukovec,brigita-bukovec,PER
Slovenia,27338,27532,1175,3354;3708;5195;558060;1187515;9239;3434750;22309;31197040;27340;27338;31717;5058739;1008145;11787932;1281701;5536860;4273494;5042916;13659804;555344,http://en.wikipedia.org/wiki/Slovenia,Slovenia,slovenia,slovenia,GPE
Slovenia,31197040,67,27,27338,http://en.wikipedia.org/wiki/Nuclear_energy_in_Slovenia,Nuclear energy in Slovenia,nuclear-energy-in-slovenia,nuclear-energy-in-slovenia,UNK
Slovenia,27340,147,192,9239;1187515;27340;27338;26889,http://en.wikipedia.org/wiki/Geography_of_Slovenia,Geography of Slovenia,geography-of-slovenia,geography-of-slovenia,UNK
Slovenia,1008145,989,421,1281701;27338;5536860;578468,http://en.wikipedia.org/wiki/Slovenia_national_football_team,Slovenia national football team,slovenia-national-football-team,slovenia-national-football-team,UNK
Slovenia,1281701,611,150,27338;1008145;5536860,http://en.wikipedia.org/wiki/Football_Association_of_Slovenia,Football Association of Slovenia,football-association-of-slovenia,football-association-of-slovenia,GPE
Slovenia,5536860,340,149,1008145;9239;1281701;27338,http://en.wikipedia.org/wiki/Slovenia_national_under-21_football_team,Slovenia national under-21 football team,slovenia-national-under-21-football-team,slovenia-national-under-21-football-team,UNK
Jamaican,15660,15376,725,1890;72654;72311;3138;3354;39173;67127;67118;67116;6340;558060;5042916;5042481;6881194;21175158;882492;15660;3434750;1386585;789006;28972206;6829072;96607;585905;11214212;31717;5058739,http://en.wikipedia.org/wiki/Jamaica,Jamaica,jamaica,jamaica,GPE
Jamaican,1386585,166,131,11214212;15660;585905;28972206,http://en.wikipedia.org/wiki/Jamaican_Patois,Jamaican Patois,jamaican-patois,jamaican-patois,UNK
Jamaican,28972206,55,57,5042481;11214212;15660;5042916;31717;1386585;3434750,http://en.wikipedia.org/wiki/Jamaican_people,Jamaican people,jamaican-people,jamaican-people,PER
Jamaican,11214212,73,208,67118;789006;15660;5042916;31717;585905;1386585;3434750;28972206,http://en.wikipedia.org/wiki/British_Jamaican,British Jamaican,british-jamaican,british-jamaican,UNK
Jamaican,585905,414,494,11214212;1386585;15660;516807,http://en.wikipedia.org/wiki/Jamaican_cuisine,Jamaican cuisine,jamaican-cuisine,jamaican-cuisine,UNK
Commonwealth,39173,4142,511,5042916;6829072;738298;9239;12685452;6881194;12514804;96607;27566;1619245;789006;67118;67116;21175158;558060;31717;758364;22576;15660,http://en.wikipedia.org/wiki/Commonwealth_Games,Commonwealth Games,commonwealth-games,commonwealth-games,UNK
Commonwealth,7129,802,209,21175158;158019;13530298;6766;31717;3168340;13525,http://en.wikipedia.org/wiki/Commonwealth_of_England,Commonwealth of England,commonwealth-of-england,commonwealth-of-england,GPE
Commonwealth,3168340,1245,45,554755;7129;22923638;158019;6766;3434750,http://en.wikipedia.org/wiki/Commonwealth_(U.S._state),Commonwealth,commonwealth,commonwealth-us-state,ORG
Commonwealth,5057271,0,20,,http://en.wikipedia.org/wiki/Commonwealth_District_(VHSL),Commonwealth District,commonwealth-district,commonwealth-district-vhsl,UNK
Commonwealth,554755,287,48,160735;3168340;22923638;3434750;6766,http://en.wikipedia.org/wiki/Commonwealth_(U.S._insular_area),Commonwealth,commonwealth,commonwealth-us-insular-area,UNK
Commonwealth,4103330,111,124,,http://en.wikipedia.org/wiki/Commonwealth_District,Commonwealth District,commonwealth-district,commonwealth-district,GPE
Commonwealth,2517917,109,118,5873,http://en.wikipedia.org/wiki/Commonwealth_Park,Commonwealth Park,commonwealth-park,commonwealth-park,UNK
Commonwealth,139030,25,44,29313380;3434750,"http://en.wikipedia.org/wiki/Commonwealth,_Wisconsin","Commonwealth, Wisconsin",commonwealth-wisconsin,commonwealth-wisconsin,GPE
Commonwealth,1447136,22,85,3434750,http://en.wikipedia.org/wiki/Commonwealth_School,Commonwealth School,commonwealth-school,commonwealth-school,ORG
Commonwealth,12514804,55,72,6881194;12685452;1619245;39173;21175158;738298,http://en.wikipedia.org/wiki/Commonwealth_Family,Commonwealth Family,commonwealth-family,commonwealth-family,UNK
Commonwealth,22923638,95,6,554755;3168340;3434750,http://en.wikipedia.org/wiki/Commonwealth_(United_States),Commonwealth,commonwealth,commonwealth-united-states,UNK
Commonwealth,9015484,94,99,3434750,http://en.wikipedia.org/wiki/Commonwealth_Journal,Commonwealth Journal,commonwealth-journal,commonwealth-journal,ORG
Commonwealth,21175158,5572,813,5042916;738298;10505271;22833419;12685452;6881194;12514804;27566;1619245;39173;5195;75763;6340;7129;2477935;6999;4877707;6766;31717;15660,http://en.wikipedia.org/wiki/Commonwealth_of_Nations,Commonwealth of Nations,commonwealth-of-nations,commonwealth-of-nations,UNK
Commonwealth,2385352,8,14,4877707,http://en.wikipedia.org/wiki/Commonwealth_College_(Arkansas),Commonwealth College,commonwealth-college,commonwealth-college-arkansas,ORG
Commonwealth,3228600,60,148,,http://en.wikipedia.org/wiki/Commonwealth_Railway,Commonwealth Railway,commonwealth-railway,commonwealth-railway,UNK
Commonwealth,6881194,90,75,12514804;12685452;15660;39173;21175158;738298;6766,http://en.wikipedia.org/wiki/Commonwealth_Foundation,Commonwealth Foundation,commonwealth-foundation,commonwealth-foundation,UNK
Commonwealth,19804694,19,52,,http://en.wikipedia.org/wiki/Commonwealth_Party_(Gibraltar),Commonwealth Party,commonwealth-party,commonwealth-party-gibraltar,UNK
Commonwealth,758364,480,374,927703;550718;39173;3434750;2179597;5042481,http://en.wikipedia.org/wiki/Commonwealth_Stadium_(Edmonton),Commonwealth Stadium,commonwealth-stadium,commonwealth-stadium-edmonton,UNK
Commonwealth,4877707,0,12,21175158;2385352,http://en.wikipedia.org/wiki/Commonwealth_College,Commonwealth College,commonwealth-college,commonwealth-college,ORG
Commonwealth,1211158,105,129,3434750,"http://en.wikipedia.org/wiki/Commonwealth_Building_(Portland,_Oregon)",Commonwealth Building,commonwealth-building,commonwealth-building-portland-oregon,UNK
Commonwealth,29313380,21,38,3434750;139030,"http://en.wikipedia.org/wiki/Commonwealth_(community),_Wisconsin","Commonwealth (community), Wisconsin",commonwealth-community-wisconsin,commonwealth-community-wisconsin,GPE
Commonwealth,758368,487,267,3434750;441501;238192,http://en.wikipedia.org/wiki/Commonwealth_Stadium_(Kentucky),Commonwealth Stadium,commonwealth-stadium,commonwealth-stadium-kentucky,UNK
Commonwealth,22833419,198,6,21175158,"http://en.wikipedia.org/wiki/Commonwealth,_Singapore","Commonwealth, Singapore",commonwealth-singapore,commonwealth-singapore,UNK
Commonwealth,160735,802,245,554755;5042916;6766;3434750,http://en.wikipedia.org/wiki/Commonwealth_of_the_Philippines,Commonwealth of the Philippines,commonwealth-of-the-philippines,commonwealth-of-the-philippines,GPE
Commonwealth,27927937,9,13,,http://en.wikipedia.org/wiki/Commonwealth_Party_(New_South_Wales),Commonwealth Party,commonwealth-party,commonwealth-party-new-south-wales,PER
Commonwealth,738298,235,223,12514804;12685452;1619245;6881194;39173;21175158,http://en.wikipedia.org/wiki/Head_of_the_Commonwealth,Head of the Commonwealth,head-of-the-commonwealth,head-of-the-commonwealth,UNK
Commonwealth,1619245,127,34,12514804;12685452;31717;39173;21175158;738298,http://en.wikipedia.org/wiki/Commonwealth_Institute,Commonwealth Institute,commonwealth-institute,commonwealth-institute,UNK
Commonwealth,12685452,50,237,12514804;1619245;6881194;39173;21175158;738298,http://en.wikipedia.org/wiki/Timeline_of_Commonwealth_of_Nations_history,Timeline of Commonwealth of Nations history,timeline-of-commonwealth-of-nations-history,timeline-of-commonwealth-of-nations-history,UNK
Commonwealth,15093008,208,155,5042916,http://en.wikipedia.org/wiki/Commonwealth_Mountain,Commonwealth Mountain,commonwealth-mountain,commonwealth-mountain,UNK
Commonwealth,1128224,44,19,6766,http://en.wikipedia.org/wiki/Commonwealth_Bay,Commonwealth Bay,commonwealth-bay,commonwealth-bay,UNK
Commonwealth,16525235,7,11,,http://en.wikipedia.org/wiki/Commonwealth_Building_(Louisville),Commonwealth Building,commonwealth-building,commonwealth-building-louisville,UNK
Commonwealth,16786990,6,359,,http://en.wikipedia.org/wiki/Commonwealth_Building_(Pittsburgh),Commonwealth Building,commonwealth-building,commonwealth-building-pittsburgh,UNK
Commonwealth,6766,786,69,554755;160735;21175158;7129;6737193;3434750;3168340;24423275;1128224;6881194,http://en.wikipedia.org/wiki/Commonwealth,Commonwealth,commonwealth,commonwealth,PER
Commonwealth,24423275,3,11,6766,http://en.wikipedia.org/wiki/Commonwealth_(statue),Commonwealth,commonwealth,commonwealth-statue,UNK
Commonwealth,19764185,181,197,3434750,"http://en.wikipedia.org/wiki/Commonwealth,_Virginia","Commonwealth, Virginia",commonwealth-virginia,commonwealth-virginia,GPE
Michelle Freeman,6829072,284,250,558060;72654;30873921;15660;1148663;3020050;22576;39173;72311,http://en.wikipedia.org/wiki/Michelle_Freeman,Michelle Freeman,michelle-freeman,michelle-freeman,PER
Cuban,5042481,22384,613,4724535;516772;516807;67127;558060;5042916;5042481;3020050;1288758;758364;6996277;15660;3434750;1696576;409543;28972206;22576;406269;802066;17424756;5058739,http://en.wikipedia.org/wiki/Cuba,Cuba,cuba,cuba,GPE
Cuban,516772,103,44,5042481;516807;3434750,http://en.wikipedia.org/wiki/Cuban_sandwich,Cuban sandwich,cuban-sandwich,cuban-sandwich,UNK
Cuban,516807,418,603,17424756;585905;1288758;516772;5042481;516807,http://en.wikipedia.org/wiki/Cuban_cuisine,Cuban cuisine,cuban-cuisine,cuban-cuisine,UNK
Cuban,1696576,125,118,5042481;3434750,http://en.wikipedia.org/wiki/Cuban_Project,Cuban Project,cuban-project,cuban-project,UNK
Cuban,4724535,72,84,17424756;5042481;1288758,http://en.wikipedia.org/wiki/Cuban_Spanish,Cuban Spanish,cuban-spanish,cuban-spanish,UNK
Cuban,17424756,207,95,290327;4724535;1288758;5042481;516807,http://en.wikipedia.org/wiki/German_Cuban,German Cuban,german-cuban,german-cuban,UNK
Cuban,1288758,606,265,5042916;17424756;5058739;3434750;4724535;1890;158019;5042481;516807,http://en.wikipedia.org/wiki/Cubans,Cubans,cubans,cubans,UNK
Aliuska Lopez,3020050,86,113,5058739;5042481;72654;30873921;3138;5042916;31717;3434750;6829072,http://en.wikipedia.org/wiki/Aliuska_López,Aliuska López,aliuska-lopez,aliuska-lopez,PER
Engquist,30873921,97,77,22576;5058739;72654;3138;3020050;3434750;6829072;72311,http://en.wikipedia.org/wiki/Ludmila_Engquist,Ludmila Engquist,ludmila-engquist,ludmila-engquist,PER
Oslo,22309,12573,884,8564656;3354;3708;3818308;179081;595137;5042916;9239;36806601;3434750;22309;22576;217537;27338;34444451;7439700;31800;31717;5058739,http://en.wikipedia.org/wiki/Oslo,Oslo,oslo,oslo,GPE
Oslo,120699,72,136,3434750,"http://en.wikipedia.org/wiki/Oslo,_Minnesota","Oslo, Minnesota",oslo-minnesota,oslo-minnesota,GPE
Oslo,34444451,15,49,22309,http://en.wikipedia.org/wiki/Oslo_IL,Oslo IL,oslo-il,oslo-il,UNK
Oslo,31835516,22,16,,"http://en.wikipedia.org/wiki/Oslo,_August_31st","Oslo, August 31st",oslo-august-31st,oslo-august-31st,UNK
Oslo,42164797,1,9,,http://en.wikipedia.org/wiki/Oslo_(Hackney),Oslo,oslo,oslo-hackney,UNK
Oslo,36806601,687,274,22309;31717;3434750,http://en.wikipedia.org/wiki/Oslo_Accords,Oslo Accords,oslo-accords,oslo-accords,UNK
Oslo,31800,2175,196,22309;31800;3354,http://en.wikipedia.org/wiki/University_of_Oslo,University of Oslo,university-of-oslo,university-of-oslo,ORG
Oslo,12654410,0,26,3138,http://en.wikipedia.org/wiki/Oslo_Center,Oslo Center,oslo-center,oslo-center,ORG
Oslo,16071498,25,30,3434750;6310196,"http://en.wikipedia.org/wiki/Oslo,_Florida","Oslo, Florida",oslo-florida,oslo-florida,GPE
Oslo,8564656,8,4,22309,http://en.wikipedia.org/wiki/Oslo_City,Oslo City,oslo-city,oslo-city,UNK
Oslo,3818308,195,287,3708;22309;179081;3354,"http://en.wikipedia.org/wiki/Oslo_Airport,_Fornebu","Oslo Airport, Fornebu",oslo-airport-fornebu,oslo-airport-fornebu,UNK
Oslo,10764982,8,14,3434750,http://en.wikipedia.org/wiki/Oslo_(band),Oslo,oslo,oslo-band,UNK
Oslo,16075494,3,26,16075494,http://en.wikipedia.org/wiki/Oslo_(Microsoft),Oslo,oslo,oslo-microsoft,UNK
Oslo,179081,421,414,269753;3818308;253102;22309;4318956,"http://en.wikipedia.org/wiki/Oslo_Airport,_Gardermoen","Oslo Airport, Gardermoen",oslo-airport-gardermoen,oslo-airport-gardermoen,UNK
Berlin,3354,26574,982,72311;3138;3354;3708;9239;9483;2745649;15660;3434750;30780213;158966;22309;2381368;22576;20676848;27338;27566;26889;31800;31717;5058739;33170;4197885;3818308;595137;3518410;5042916;108702;9203587;25778403;27303845;36938404;1243315;125065,http://en.wikipedia.org/wiki/Berlin,Berlin,berlin,berlin,GPE
Berlin,2958227,0,4,,"http://en.wikipedia.org/wiki/Berlin,_Michigan","Berlin, Michigan",berlin-michigan,berlin-michigan,UNK
Berlin,16075436,8,19,,http://en.wikipedia.org/wiki/Berlin_Mountain,Berlin Mountain,berlin-mountain,berlin-mountain,UNK
Berlin,125065,146,208,2154;3354;3434750,"http://en.wikipedia.org/wiki/Berlin,_New_Jersey","Berlin, New Jersey",berlin-new-jersey,berlin-new-jersey,GPE
Berlin,39275042,109,124,,http://en.wikipedia.org/wiki/Berlin_(NCIS),Berlin,berlin,berlin-ncis,UNK
Berlin,9483,1190,191,33170;31717;20676848;3354;3434750;9483,http://en.wikipedia.org/wiki/East_Berlin,East Berlin,east-berlin,east-berlin,UNK
Berlin,116630,153,104,3434750,"http://en.wikipedia.org/wiki/Berlin,_Maryland","Berlin, Maryland",berlin-maryland,berlin-maryland,GPE
Berlin,429567,3,3,3318459;3318457,"http://en.wikipedia.org/wiki/Berlin,_Ohio","Berlin, Ohio",berlin-ohio,berlin-ohio,UNK
Berlin,33170,1611,381,3434750;9483;33170;31322893;31717;20676848;3354;3708,http://en.wikipedia.org/wiki/West_Berlin,West Berlin,west-berlin,west-berlin,UNK
Berlin,3318457,51,57,3318459;429567;3434750,"http://en.wikipedia.org/wiki/Berlin,_Holmes_County,_Ohio","Berlin, Holmes County, Ohio",berlin-holmes-county-ohio,berlin-holmes-county-ohio,GPE
Berlin,9203587,77,83,3354,http://en.wikipedia.org/wiki/.berlin,.berlin,berlin,berlin,UNK
Berlin,2745649,6,13,3354,http://en.wikipedia.org/wiki/Berlin_(carriage),Berlin,berlin,berlin-carriage,UNK
Berlin,1302021,0,16,,http://en.wikipedia.org/wiki/Berlin_Township,Berlin Township,berlin-township,berlin-township,GPE
Berlin,27303845,4,136,3354,http://en.wikipedia.org/wiki/Berlin_(Seedorf),Berlin,berlin,berlin-seedorf,UNK
Berlin,4197885,43,51,3354,"http://en.wikipedia.org/wiki/Berlin,_Berlin","Berlin, Berlin",berlin-berlin,berlin-berlin,UNK
Berlin,9248593,5,3,,http://en.wikipedia.org/wiki/Berlin_Journal,Berlin Journal,berlin-journal,berlin-journal,ORG
Berlin,108702,177,157,3354,"http://en.wikipedia.org/wiki/Berlin,_Connecticut","Berlin, Connecticut",berlin-connecticut,berlin-connecticut,GPE
Berlin,34197810,9,28,,http://en.wikipedia.org/wiki/FuG_240_Berlin,FuG 240 Berlin,fug-240-berlin,fug-240-berlin,UNK
Berlin,23831085,32,51,3434750,"http://en.wikipedia.org/wiki/Berlin,_Alabama","Berlin, Alabama",berlin-alabama,berlin-alabama,GPE
Berlin,20427667,5,18,,"http://en.wikipedia.org/wiki/Berlin,_Appointment_for_the_Spies","Berlin, Appointment for the Spies",berlin-appointment-for-the-spies,berlin-appointment-for-the-spies,UNK
Berlin,111867,83,90,3434750,"http://en.wikipedia.org/wiki/Berlin,_Illinois","Berlin, Illinois",berlin-illinois,berlin-illinois,UNK
Berlin,6796359,1,2,,http://en.wikipedia.org/wiki/Berlin_Airport,Berlin Airport,berlin-airport,berlin-airport,UNK
Berlin,116923,137,161,863;116923;3434750,"http://en.wikipedia.org/wiki/Berlin,_Massachusetts","Berlin, Massachusetts",berlin-massachusetts,berlin-massachusetts,GPE
Berlin,3318519,4,9,,"http://en.wikipedia.org/wiki/Berlin,_Kentucky","Berlin, Kentucky",berlin-kentucky,berlin-kentucky,UNK
Berlin,30780213,35,43,3354,http://en.wikipedia.org/wiki/Berlin_(play),Berlin,berlin,berlin-play,UNK
Berlin,9490944,14,25,3434750,"http://en.wikipedia.org/wiki/Berlin,_Oklahoma","Berlin, Oklahoma",berlin-oklahoma,berlin-oklahoma,UNK
Berlin,39012462,0,4,,http://en.wikipedia.org/wiki/Berlin_Gallery,Berlin Gallery,berlin-gallery,berlin-gallery,UNK
Berlin,158966,243,46,158966;3354,http://en.wikipedia.org/wiki/Berlin_(band),Berlin,berlin,berlin-band,UNK
Berlin,40286211,2,9,,http://en.wikipedia.org/wiki/Berlin_FC,Berlin FC,berlin-fc,berlin-fc,UNK
Berlin,3518410,28,46,3354,http://en.wikipedia.org/wiki/Berlin_(comic),Berlin,berlin,berlin-comic,UNK
Berlin,20676848,4,18,33170;3354;9483,http://en.wikipedia.org/wiki/Berlin_(sculpture),Berlin,berlin,berlin-sculpture,UNK
Berlin,35231380,26,32,,"http://en.wikipedia.org/wiki/Berlin,_Eastern_Cape","Berlin, Eastern Cape",berlin-eastern-cape,berlin-eastern-cape,UNK
Berlin,31322893,4,15,33170,"http://en.wikipedia.org/wiki/Berlin,_Schoenhauser_Corner","Berlin, Schoenhauser Corner",berlin-schoenhauser-corner,berlin-schoenhauser-corner,UNK
Berlin,16877460,1,356,3434750,"http://en.wikipedia.org/wiki/Berlin,_New_Hampshire_micropolitan_area","Berlin, New Hampshire micropolitan area",berlin-new-hampshire-micropolitan-area,berlin-new-hampshire-micropolitan-area,UNK
Berlin,2916729,49,62,3434750,"http://en.wikipedia.org/wiki/Berlin,_West_Virginia","Berlin, West Virginia",berlin-west-virginia,berlin-west-virginia,GPE
Berlin,2381368,47,35,3354,http://en.wikipedia.org/wiki/Berlín,Berlín,berlin,berlin,UNK
Berlin,12836820,5,12,,http://en.wikipedia.org/wiki/Berlin_Plus_agreement,Berlin Plus agreement,berlin-plus-agreement,berlin-plus-agreement,ORG
Berlin,3318459,30,43,3318457;429567;3434750,"http://en.wikipedia.org/wiki/Berlin,_Williams_County,_Ohio","Berlin, Williams County, Ohio",berlin-williams-county-ohio,berlin-williams-county-ohio,GPE
Berlin,36938404,32,74,36938404;3354,http://en.wikipedia.org/wiki/Geography_of_Berlin,Geography of Berlin,geography-of-berlin,geography-of-berlin,UNK
Berlin,32075333,1,9,,http://en.wikipedia.org/wiki/Berlin_movement,Berlin movement,berlin-movement,berlin-movement,ORG
Berlin,36359949,2,40,,http://en.wikipedia.org/wiki/Berlin_School_(films),Berlin School,berlin-school,berlin-school-films,UNK
Berlin,17866488,5,4,3434750,"http://en.wikipedia.org/wiki/Berlin,_Indiana","Berlin, Indiana",berlin-indiana,berlin-indiana,UNK
Berlin,1364294,19,17,,http://en.wikipedia.org/wiki/Mount_Berlin,Mount Berlin,mount-berlin,mount-berlin,UNK
Derrick Adkins,993078,173,153,22576;67127;72654;802066;882492;1148663;3434750;72311,http://en.wikipedia.org/wiki/Derrick_Adkins,Derrick Adkins,derrick-adkins,derrick-adkins,PER
Gail Devers,72654,466,358,67127;1148663;22576;3434750;6829072;72311;558060;30873921;802066;882492;15660;3020050;993078,http://en.wikipedia.org/wiki/Gail_Devers,Gail Devers,gail-devers,gail-devers,PER
Merlene Ottey,558060,234,144,72654;882492;15660;27338;22576;5042481;39173;3434750;6829072;72311,http://en.wikipedia.org/wiki/Merlene_Ottey,Merlene Ottey,merlene-ottey,merlene-ottey,PER
Devers,72654,466,358,67127;1148663;22576;3434750;6829072;72311;558060;30873921;802066;882492;15660;3020050;993078,http://en.wikipedia.org/wiki/Gail_Devers,Gail Devers,gail-devers,gail-devers,PER
Gwen Torrence,882492,311,275,67127;558060;72654;802066;15660;1148663;22576;5058739;3434750;72311;993078,http://en.wikipedia.org/wiki/Gwen_Torrence,Gwen Torrence,gwen-torrence,gwen-torrence,PER
Ottey,558060,234,144,72654;882492;15660;27338;22576;5042481;39173;3434750;6829072;72311,http://en.wikipedia.org/wiki/Merlene_Ottey,Merlene Ottey,merlene-ottey,merlene-ottey,PER
