forMention,id,inCount,outCount,links,url,name,normalName,normalWikiTitle,predictedType
Manchester United,19961,7256,734,979542;18119;18081;16415;11125639;2273;609825;19961;143673;576328;21148;2428702;8913012;68187;23033;3313708;574076;660592;43223;9112329;9316;44220;26667;23608452,http://en.wikipedia.org/wiki/Manchester_United_F.C.,Manchester United F.C.,manchester-united-fc,manchester-united-fc,ORG
Juventus,16415,3461,1162,660592;18119;43223;19450529;16415;11125639;9316;44220;2273;609825;19961;11788173;26667;656932;21148;23608452;68187;23033;574076;3719650,http://en.wikipedia.org/wiki/Juventus_F.C.,Juventus F.C.,juventus-fc,juventus-fc,ORG
Juventus,31275067,43,62,,http://en.wikipedia.org/wiki/BC_Juventus,BC Juventus,bc-juventus,bc-juventus,ORG
Juventus,3719650,167,193,19450529;11788173;16415;574076,http://en.wikipedia.org/wiki/Juventus_Stadium,Juventus Stadium,juventus-stadium,juventus-stadium,UNK
Juventus,6701703,55,36,,http://en.wikipedia.org/wiki/Juventus_(Belize),Juventus,juventus,juventus-belize,UNK
Juventus,11788173,42,35,19450529;16415;3719650,http://en.wikipedia.org/wiki/Juventus_Center,Juventus Center,juventus-center,juventus-center,UNK
Europe,9239,51349,1032,11125639;3708;4443;17891966;9239;9316;23620443;12521;14996;404787;576328;21148;3499945;23033;26667;20272716;23476997;173098;164508;56959;61406;1656551;4589538;4470985;628999;2428702;1187515;358518;18803164;755102;32377974;13033092;87187;1626272;13562519;23844504;24085988;3313708,http://en.wikipedia.org/wiki/Europe,Europe,europe,europe,UNK
Europe,11787932,277,273,26667;23033;21148;8569916,http://en.wikipedia.org/wiki/European_driving_licence,European driving licence,european-driving-licence,european-driving-licence,UNK
Europe,17891966,192,242,9239,http://en.wikipedia.org/wiki/Europe_(anthem),Europe,europe,europe-anthem,UNK
Europe,1659361,12,34,,http://en.wikipedia.org/wiki/European_Patent_Litigation_Agreement,European Patent Litigation Agreement,european-patent-litigation-agreement,european-patent-litigation-agreement,UNK
Europe,15132000,13,28,,"http://en.wikipedia.org/wiki/Old_Europe,_New_Europe,_Core_Europe","Old Europe, New Europe, Core Europe",old-europe-new-europe-core-europe,old-europe-new-europe-core-europe,UNK
Europe,2826281,77,84,,http://en.wikipedia.org/wiki/Europe_GAA,Europe GAA,europe-gaa,europe-gaa,GPE
Europe,855087,344,374,4443;23033;26667;21148,http://en.wikipedia.org/wiki/Europe_(dinghy),Europe,europe,europe-dinghy,UNK
Europe,7514548,108,319,6834333;21148;11694560;17342097,http://en.wikipedia.org/wiki/Europe_Street,Europe Street,europe-street,europe-street,GPE
Europe,5805422,293,153,87187,http://en.wikipedia.org/wiki/European_Union_Microsoft_competition_case,European Union Microsoft competition case,european-union-microsoft-competition-case,european-union-microsoft-competition-case,ORG
Europe,755102,85,158,9239,http://en.wikipedia.org/wiki/Old_Europe_(archaeology),Old Europe,old-europe,old-europe-archaeology,UNK
Europe,14051635,1,6,,http://en.wikipedia.org/wiki/DJ_Europe,DJ Europe,dj-europe,dj-europe,UNK
Europe,628999,133,18,9239;20272716,"http://en.wikipedia.org/wiki/Europe,_the_Middle_East_and_Africa","Europe, the Middle East and Africa",europe-the-middle-east-and-africa,europe-the-middle-east-and-africa,UNK
Europe,87187,825,370,5805422;87187;9239;26667;3708;21148,http://en.wikipedia.org/wiki/European_Court_of_Justice,European Court of Justice,european-court-of-justice,european-court-of-justice,ORG
Europe,26450398,2,11,,http://en.wikipedia.org/wiki/Europe/London,Europe/London,europe-london,europe-london,PER
Europe,13562519,17,304,9239;1187515,http://en.wikipedia.org/wiki/Greater_Europe,Greater Europe,greater-europe,greater-europe,ORG
Europe,13659804,72,126,11125639;21148;9316;26667,http://en.wikipedia.org/wiki/European_Youth_Chess_Championship,European Youth Chess Championship,european-youth-chess-championship,european-youth-chess-championship,PER
Europe,12586001,1,13,,http://en.wikipedia.org/wiki/Europe_Lake,Europe Lake,europe-lake,europe-lake,UNK
Europe,503907,29,46,,http://en.wikipedia.org/wiki/Europe_(Paris_Métro),Europe,europe,europe-paris-metro,UNK
Europe,304821,111,138,21148;4443;304821,http://en.wikipedia.org/wiki/2003_European_heat_wave,2003 European heat wave,2003-european-heat-wave,2003-european-heat-wave,UNK
Europe,1187515,306,383,13562519;23033;11125639;9239;56959;30199;1187515;26667;3708;21148,http://en.wikipedia.org/wiki/Geography_of_Europe,Geography of Europe,geography-of-europe,geography-of-europe,UNK
Europe,358518,602,118,358518;9239;9316;26667,http://en.wikipedia.org/wiki/Europe_(band),Europe,europe,europe-band,UNK
Europe,3499945,3,21,8569916;9239,http://en.wikipedia.org/wiki/Europe_(story),Europe,europe,europe-story,UNK
Europe,20272716,1,11,20272716;628999;9239,"http://en.wikipedia.org/wiki/Europe,_Middle_East,_Africa_and_Latin_America","Europe, Middle East, Africa and Latin America",europe-middle-east-africa-and-latin-america,europe-middle-east-africa-and-latin-america,UNK
Europe,406269,18,53,1656551,http://en.wikipedia.org/wiki/Old_Europe_(politics),Old Europe,old-europe,old-europe-politics,ORG
Europe,23620443,13,20,9239,http://en.wikipedia.org/wiki/Europe_(magazine),Europe,europe,europe-magazine,UNK
GENEVA,12521,7127,465,26035602;576328;6281217;342348;77841;9239;44220;13082;12521;292834;168985;10031718;292616;743577;230151;4318649;23443846,http://en.wikipedia.org/wiki/Geneva,Geneva,geneva,geneva,UNK
GENEVA,141120,0,2,119204,"http://en.wikipedia.org/wiki/Geneva_Township,_Michigan","Geneva Township, Michigan",geneva-township-michigan,geneva-township-michigan,UNK
GENEVA,109775,41,46,,"http://en.wikipedia.org/wiki/Geneva,_Florida","Geneva, Florida",geneva-florida,geneva-florida,GPE
GENEVA,104715,68,114,77841,"http://en.wikipedia.org/wiki/Geneva,_Alabama","Geneva, Alabama",geneva-alabama,geneva-alabama,GPE
GENEVA,15066829,0,9,119204;120057;42010323,http://en.wikipedia.org/wiki/Geneva_Township,Geneva Township,geneva-township,geneva-township,GPE
GENEVA,292616,266,244,269753;292834;4318956;12521;164508,http://en.wikipedia.org/wiki/Geneva_International_Airport,Geneva International Airport,geneva-international-airport,geneva-international-airport,UNK
GENEVA,26035602,0,1,12521,"http://en.wikipedia.org/wiki/Geneva,_CH-GE","Geneva, CH-GE",geneva-ch-ge,geneva-ch-ge,UNK
GENEVA,10031718,4,26,12521,http://en.wikipedia.org/wiki/Geneva_Association,Geneva Association,geneva-association,geneva-association,UNK
GENEVA,132192,78,86,,"http://en.wikipedia.org/wiki/Geneva,_Pennsylvania","Geneva, Pennsylvania",geneva-pennsylvania,geneva-pennsylvania,GPE
GENEVA,13082,473,293,12521,http://en.wikipedia.org/wiki/Geneva_College,Geneva College,geneva-college,geneva-college,UNK
GENEVA,230151,430,148,139904;77841;1225400;120056;9010122;128901;12521;259942,"http://en.wikipedia.org/wiki/Geneva,_New_York","Geneva, New York",geneva-new-york,geneva-new-york,GPE
GENEVA,14358041,34,49,,"http://en.wikipedia.org/wiki/Geneva,_Shelby_County,_Indiana","Geneva, Shelby County, Indiana",geneva-shelby-county-indiana,geneva-shelby-county-indiana,GPE
GENEVA,23443846,699,209,23033;23443846;26667;21148;12521,http://en.wikipedia.org/wiki/Geneva_Conventions,Geneva Conventions,geneva-conventions,geneva-conventions,ORG
GENEVA,6281217,24,54,12521;168985,http://en.wikipedia.org/wiki/County_of_Geneva,County of Geneva,county-of-geneva,county-of-geneva,GPE
GENEVA,4318649,315,141,12521,http://en.wikipedia.org/wiki/United_Nations_Office_at_Geneva,United Nations Office at Geneva,united-nations-office-at-geneva,united-nations-office-at-geneva,UNK
GENEVA,9010122,239,224,230151;139904;1225400,"http://en.wikipedia.org/wiki/Geneva,_Illinois","Geneva, Illinois",geneva-illinois,geneva-illinois,UNK
GENEVA,110350,25,25,,"http://en.wikipedia.org/wiki/Geneva,_Georgia","Geneva, Georgia",geneva-georgia,geneva-georgia,GPE
GENEVA,259942,44,73,230151,"http://en.wikipedia.org/wiki/Geneva_(town),_New_York","Geneva (town), New York",geneva-town-new-york,geneva-town-new-york,GPE
GENEVA,2998743,12,19,,http://en.wikipedia.org/wiki/Geneva_School,Geneva School,geneva-school,geneva-school,UNK
GENEVA,139901,85,97,139904,"http://en.wikipedia.org/wiki/Geneva,_Wisconsin","Geneva, Wisconsin",geneva-wisconsin,geneva-wisconsin,GPE
GENEVA,139904,530,140,230151;139901;1225400;9010122,"http://en.wikipedia.org/wiki/Lake_Geneva,_Wisconsin","Lake Geneva, Wisconsin",lake-geneva-wisconsin,lake-geneva-wisconsin,GPE
GENEVA,342348,739,281,292834;168985;61406;156512;12521;26667,http://en.wikipedia.org/wiki/University_of_Geneva,University of Geneva,university-of-geneva,university-of-geneva,ORG
GENEVA,23515219,1,6,,http://en.wikipedia.org/wiki/Geneva_River,Geneva River,geneva-river,geneva-river,UNK
GENEVA,128901,110,139,230151,"http://en.wikipedia.org/wiki/Geneva,_Ohio","Geneva, Ohio",geneva-ohio,geneva-ohio,GPE
GENEVA,292834,377,86,168985;292616;342348;12521,http://en.wikipedia.org/wiki/Canton_of_Geneva,Canton of Geneva,canton-of-geneva,canton-of-geneva,GPE
GENEVA,34762346,33,9,,"http://en.wikipedia.org/wiki/Geneva,_MN_2001","Geneva, MN 2001",geneva-mn-2001,geneva-mn-2001,UNK
GENEVA,38283592,1,21,,http://en.wikipedia.org/wiki/Great_Geneva,Great Geneva,great-geneva,great-geneva,UNK
GENEVA,138311,30,44,,"http://en.wikipedia.org/wiki/Geneva,_Washington","Geneva, Washington",geneva-washington,geneva-washington,GPE
GENEVA,1225400,26,25,9010122;230151;139904,http://en.wikipedia.org/wiki/Geneva_Lake,Geneva Lake,geneva-lake,geneva-lake,UNK
GENEVA,119204,41,56,15066829;141120,"http://en.wikipedia.org/wiki/Geneva_Township,_Van_Buren_County,_Michigan","Geneva Township, Van Buren County, Michigan",geneva-township-van-buren-county-michigan,geneva-township-van-buren-county-michigan,GPE
GENEVA,77841,289,184,230151;77841;12521;104715,"http://en.wikipedia.org/wiki/Geneva_County,_Alabama","Geneva County, Alabama",geneva-county-alabama,geneva-county-alabama,GPE
GENEVA,42010323,32,47,113792;15066829,"http://en.wikipedia.org/wiki/Geneva_Township,_Franklin_County,_Iowa","Geneva Township, Franklin County, Iowa",geneva-township-franklin-county-iowa,geneva-township-franklin-county-iowa,GPE
GENEVA,123891,42,68,,"http://en.wikipedia.org/wiki/Geneva,_Nebraska","Geneva, Nebraska",geneva-nebraska,geneva-nebraska,GPE
GENEVA,35545220,26,39,,"http://en.wikipedia.org/wiki/Lake_Geneva,_Florida","Lake Geneva, Florida",lake-geneva-florida,lake-geneva-florida,GPE
GENEVA,113792,32,62,42010323,"http://en.wikipedia.org/wiki/Geneva,_Iowa","Geneva, Iowa",geneva-iowa,geneva-iowa,GPE
GENEVA,2279756,20,32,,http://en.wikipedia.org/wiki/Geneva_(band),Geneva,geneva,geneva-band,PER
GENEVA,120057,40,61,120056;15066829,"http://en.wikipedia.org/wiki/Geneva_Township,_Freeborn_County,_Minnesota","Geneva Township, Freeborn County, Minnesota",geneva-township-freeborn-county-minnesota,geneva-township-freeborn-county-minnesota,GPE
GENEVA,25462976,2,81,,"http://en.wikipedia.org/wiki/Geneva_(Alexandria,_Louisiana)",Geneva,geneva,geneva-alexandria-louisiana,UNK
GENEVA,120056,50,62,120057;230151,"http://en.wikipedia.org/wiki/Geneva,_Minnesota","Geneva, Minnesota",geneva-minnesota,geneva-minnesota,GPE
GENEVA,3774164,37,63,,http://en.wikipedia.org/wiki/USS_Geneva_(APA-86),USS Geneva,uss-geneva,uss-geneva-apa-86,UNK
GENEVA,14183391,32,51,,"http://en.wikipedia.org/wiki/Geneva,_Kansas","Geneva, Kansas",geneva-kansas,geneva-kansas,GPE
GENEVA,112109,98,110,,"http://en.wikipedia.org/wiki/Geneva,_Indiana","Geneva, Indiana",geneva-indiana,geneva-indiana,GPE
GENEVA,168985,521,145,292834;168985;342348;8569916;12521;6281217,http://en.wikipedia.org/wiki/Lake_Geneva,Lake Geneva,lake-geneva,lake-geneva,UNK
GENEVA,18968958,21,37,,"http://en.wikipedia.org/wiki/Geneva,_Idaho","Geneva, Idaho",geneva-idaho,geneva-idaho,UNK
European,44220,8761,538,979542;18119;404787;16415;11125639;2273;19961;4443;143673;21148;8913012;68187;23033;574076;660592;43223;9316;44220;26667;4589538;656932;12521;23608452;61588,http://en.wikipedia.org/wiki/UEFA_Champions_League,UEFA Champions League,uefa-champions-league,uefa-champions-league,UNK
European,991038,349,139,9316,http://en.wikipedia.org/wiki/Rugby_League_European_Cup,Rugby League European Cup,rugby-league-european-cup,rugby-league-european-cup,UNK
European,32377974,15,12,9239,http://en.wikipedia.org/wiki/European_Cup_(bandy),European Cup,european-cup,european-cup-bandy,UNK
European,7108659,231,235,19450529;11125639;4443;26667;3708;23033;21148,http://en.wikipedia.org/wiki/European_Cup_(athletics),European Cup,european-cup,european-cup-athletics,UNK
European,40454209,12,74,21148;4443;26667,"http://en.wikipedia.org/wiki/European_Cup,_Euroleague_and_LEN_Champions_League_records_and_statistics","European Cup, Euroleague and LEN Champions League records and statistics",european-cup-euroleague-and-len-champions-league-records-and-statistics,european-cup-euroleague-and-len-champions-league-records-and-statistics,GPE
European,4589538,216,142,9239;4443;26667;21148;44220,http://en.wikipedia.org/wiki/European_Cup_(baseball),European Cup,european-cup,european-cup-baseball,PER
English,9316,158848,1726,1890;2273;562171;4443;4179;9239;9316;14996;25921578;32831571;18119;18081;16415;19961;576328;21148;23033;22667;574076;23395723;26667;23608452;19177244;24763114;43223;44220;12218968;1425560;3659081;13659804;296928;1656551;4470985;68187;358518;18803164;6539290;94377;5790450;1626272;338589;8913012;609825;3313708;143673;32932197;173098;660597;660592;164508;656932;20443577;2428702;9352542;24513964;1982864;6630771;24085988;8569916;251259;991038;743577,http://en.wikipedia.org/wiki/England,England,england,england,GPE
English,4157702,42,102,8569916,http://en.wikipedia.org/wiki/English_District_(LCMS),English District,english-district,english-district-lcms,ORG
English,3838846,116,129,,"http://en.wikipedia.org/wiki/English,_West_Virginia","English, West Virginia",english-west-virginia,english-west-virginia,GPE
English,27260919,42,55,28994929;135545,"http://en.wikipedia.org/wiki/English,_Brazoria_County,_Texas","English, Brazoria County, Texas",english-brazoria-county-texas,english-brazoria-county-texas,GPE
English,8318332,11,61,,http://en.wikipedia.org/wiki/English_Party,English Party,english-party,english-party,UNK
English,48771,2,14,8569916;48771,http://en.wikipedia.org/wiki/English_(programming_language),English,english,english-programming-language,UNK
English,937317,41,28,2165164;940821,http://en.wikipedia.org/wiki/English_River_(Ontario),English River,english-river,english-river-ontario,UNK
English,22667,3259,300,1656551;8569916;94377;9316;18803164;19985174;4179;6539290;14996;328159;22667,http://en.wikipedia.org/wiki/Old_English,Old English,old-english,old-english,UNK
English,21987263,18,23,21987263,http://en.wikipedia.org/wiki/English_Journal,English Journal,english-journal,english-journal,ORG
English,8569916,71129,716,11125639;1890;4179;9316;14996;404787;21148;3499945;23033;22667;23726939;23608452;33877579;1151508;48771;168985;1656551;4157702;18803164;6539290;333371;328159;1626272;1867839;4318956;11787932;19985174;18974570;8569916,http://en.wikipedia.org/wiki/English_language,English language,english-language,english-language,UNK
English,940821,0,6,937317;2165164;458284,http://en.wikipedia.org/wiki/English_River,English River,english-river,english-river,UNK
English,22651056,26,77,21148;18803164,http://en.wikipedia.org/wiki/English_Neighborhood,English Neighborhood,english-neighborhood,english-neighborhood,UNK
English,1982864,69,88,9316;22046807,http://en.wikipedia.org/wiki/English_Bridge,English Bridge,english-bridge,english-bridge,UNK
English,8459056,40,14,,http://en.wikipedia.org/wiki/English_Park,English Park,english-park,english-park,UNK
English,2710111,69,117,4443;26667;23033,http://en.wikipedia.org/wiki/USS_English_(DD-696),USS English,uss-english,uss-english-dd-696,UNK
English,2232489,363,128,292723;20014954,http://en.wikipedia.org/wiki/English_Bay_(Vancouver),English Bay,english-bay,english-bay-vancouver,UNK
English,22046807,2,9,1982864,http://en.wikipedia.org/wiki/English_Bridge_(Saint_Petersburg),English Bridge,english-bridge,english-bridge-saint-petersburg,UNK
English,39195958,144,152,,http://en.wikipedia.org/wiki/English_Park_(Yerevan),English Park,english-park,english-park-yerevan,UNK
English,4907971,6,64,,"http://en.wikipedia.org/wiki/English,_Fitz_or_Percy_(Prison_Break)","English, Fitz or Percy",english-fitz-or-percy,english-fitz-or-percy-prison-break,UNK
English,22083958,29,7,,http://en.wikipedia.org/wiki/English_Association,English Association,english-association,english-association,ORG
English,1867839,4,5,8569916,http://en.wikipedia.org/wiki/English_Australia,English Australia,english-australia,english-australia,GPE
English,1626272,292,311,8569916;14996;4179;1626272;9239;9316;1890,http://en.wikipedia.org/wiki/California_English,California English,california-english,california-english,UNK
English,3458300,4,11,,http://en.wikipedia.org/wiki/English_Island_(South_Australia),English Island,english-island,english-island-south-australia,UNK
English,458284,15,23,940821,http://en.wikipedia.org/wiki/English_River_(Iowa),English River,english-river,english-river-iowa,UNK
English,25921578,4,28,18803164;9316;660597,http://en.wikipedia.org/wiki/Edward_English,Edward English,edward-english,edward-english,PER
English,28994929,0,4,28994013;27260919,"http://en.wikipedia.org/wiki/English,_Texas","English, Texas",english-texas,english-texas,UNK
English,1890,3485,773,8569916;9316;1890;333371;1626272;4179;14996;328159;23033;2555166,http://en.wikipedia.org/wiki/American_English,American English,american-english,american-english,UNK
English,18803164,14910,369,562171;21982148;22651056;9239;9316;25921578;2583501;22667;1656551;8569916,http://en.wikipedia.org/wiki/English_people,English people,english-people,english-people,UNK
English,333371,14,38,8569916;1890,http://en.wikipedia.org/wiki/U.S._English_(organization),U.S. English,us-english,us-english-organization,ORG
English,36819322,5,19,11125639,"http://en.wikipedia.org/wiki/English,_baby!","English, baby!",english-baby,english-baby,UNK
English,4179,1639,331,4179;8569916;9316;21148;1890;14996;328159;23033;1626272;22667,http://en.wikipedia.org/wiki/British_English,British English,british-english,british-english,UNK
English,20014954,52,54,2232489,http://en.wikipedia.org/wiki/English_Bay_(neighbourhood),English Bay,english-bay,english-bay-neighbourhood,UNK
English,292723,0,4,2232489,http://en.wikipedia.org/wiki/English_Bay,English Bay,english-bay,english-bay,UNK
English,562171,159,130,18803164;9316,http://en.wikipedia.org/wiki/English_Canada,English Canada,english-canada,english-canada,UNK
English,28994013,14,23,28994929,"http://en.wikipedia.org/wiki/English,_Red_River_County,_Texas","English, Red River County, Texas",english-red-river-county-texas,english-red-river-county-texas,GPE
English,147992,56,29,147992,"http://en.wikipedia.org/wiki/English_Island,_Isles_of_Scilly","English Island, Isles of Scilly",english-island-isles-of-scilly,english-island-isles-of-scilly,UNK
English,328159,181,197,1313683;1890;8569916;4179;22667,http://en.wikipedia.org/wiki/English_Wikipedia,English Wikipedia,english-wikipedia,english-wikipedia,UNK
English,18974570,1178,130,14996;8569916,http://en.wikipedia.org/wiki/English_studies,English studies,english-studies,english-studies,UNK
English,4771063,4,16,,http://en.wikipedia.org/wiki/American/English,American/English,american-english,american-english,UNK
English,26547793,6,7,,"http://en.wikipedia.org/wiki/English,_Scottish_and_Australian_Bank","English, Scottish and Australian Bank",english-scottish-and-australian-bank,english-scottish-and-australian-bank,UNK
English,14007675,9,9,,"http://en.wikipedia.org/wiki/English,_August","English, August",english-august,english-august,UNK
English,20311445,2,2,,http://en.wikipedia.org/wiki/English_Station,English Station,english-station,english-station,UNK
English,1151508,6,33,8569916;26667,http://en.wikipedia.org/wiki/English_village,English village,english-village,english-village,UNK
English,21982148,86,62,18803164,http://en.wikipedia.org/wiki/Old_English_(Ireland),Old English,old-english,old-english-ireland,UNK
English,2165164,9,104,937317;940821,"http://en.wikipedia.org/wiki/English_River,_Ontario","English River, Ontario",english-river-ontario,english-river-ontario,GPE
English,41538546,2,147,,"http://en.wikipedia.org/wiki/English_Village_(Richmond,_Virginia)",English Village,english-village,english-village-richmond-virginia,UNK
English,14996,36,205,9239;9316;1890;18974570;8569916;4179;1626272;22667,http://en.wikipedia.org/wiki/International_English,International English,international-english,international-english,UNK
English,16235747,224,284,,http://en.wikipedia.org/wiki/English_Market,English Market,english-market,english-market,UNK
Dutch,21148,78333,1147,19450529;11125639;2273;3708;4443;4179;9239;9316;410720;34115133;18119;18081;16415;19961;576328;21148;23033;574076;7108659;26667;13824333;23608452;1939537;4628340;23476997;173098;22651056;43223;44220;12218968;42737;164508;13774915;1545170;13659804;30248879;2555166;1542517;1656551;4590816;304821;4589538;918733;61588;68187;1187515;40454209;6539290;23443846;87187;7514548;337249;6762763;11787932;19985174;8913012;510990;855087;609825;3313708;8569916;743577,http://en.wikipedia.org/wiki/Netherlands,Netherlands,netherlands,netherlands,GPE
Dutch,173098,341,114,9239;9316;21148,http://en.wikipedia.org/wiki/Dutch_elm_disease,Dutch elm disease,dutch-elm-disease,dutch-elm-disease,UNK
Dutch,663444,40,12,663444,http://en.wikipedia.org/wiki/Dutch_auction,Dutch auction,dutch-auction,dutch-auction,UNK
Dutch,1313683,134,101,328159;19985174,http://en.wikipedia.org/wiki/Dutch_Wikipedia,Dutch Wikipedia,dutch-wikipedia,dutch-wikipedia,UNK
Dutch,1656551,2697,305,23476997;8569916;6539290;11125639;9239;9316;21148;918733;18803164;3916477;1939537;2555166;22667;406269;42737;26667;3708;510990;4628340;19985174,http://en.wikipedia.org/wiki/Dutch_people,Dutch people,dutch-people,dutch-people,UNK
Dutch,4418525,316,270,42068978,http://en.wikipedia.org/wiki/Dutch_Clark,Dutch Clark,dutch-clark,dutch-clark,PER
Dutch,42068978,1,17,4418525,http://en.wikipedia.org/wiki/Dutch_(nickname),Dutch,dutch,dutch-nickname,UNK
Dutch,6539290,128,149,9316;3708;21148;34115133;8569916;1656551;22667;19985174,http://en.wikipedia.org/wiki/Old_Dutch,Old Dutch,old-dutch,old-dutch,UNK
Dutch,498036,295,172,,http://en.wikipedia.org/wiki/Dutch_Defence,Dutch Defence,dutch-defence,dutch-defence,UNK
Dutch,13774915,24,32,21148,http://en.wikipedia.org/wiki/Dutch_School_(painting),Dutch School,dutch-school,dutch-school-painting,PER
Dutch,510990,664,59,2555166;1656551;42737;21148;19985174,http://en.wikipedia.org/wiki/Dutch_Reformed_Church,Dutch Reformed Church,dutch-reformed-church,dutch-reformed-church,UNK
Dutch,8397243,2,16,,http://en.wikipedia.org/wiki/Dutch_Lake,Dutch Lake,dutch-lake,dutch-lake,UNK
Dutch,13165865,204,131,19985174,"http://en.wikipedia.org/wiki/Dutch_Church,_Austin_Friars","Dutch Church, Austin Friars",dutch-church-austin-friars,dutch-church-austin-friars,UNK
Dutch,32520080,109,116,,"http://en.wikipedia.org/wiki/Dutch_Hill,_California","Dutch Hill, California",dutch-hill-california,dutch-hill-california,UNK
Dutch,4628340,199,184,4590816;6762763;23033;21148;1656551;19985174;42737;23476997,http://en.wikipedia.org/wiki/Dutch_Brazil,Dutch Brazil,dutch-brazil,dutch-brazil,GPE
Dutch,337249,55,58,21148;19985174,http://en.wikipedia.org/wiki/Dutch_oven,Dutch oven,dutch-oven,dutch-oven,UNK
Dutch,42737,1463,296,1656551;23476997;4590816;21148;6762763;23033;2555166;510990;4628340;19985174,http://en.wikipedia.org/wiki/Dutch_East_India_Company,Dutch East India Company,dutch-east-india-company,dutch-east-india-company,ORG
Dutch,36069697,23,112,,"http://en.wikipedia.org/wiki/Dutch_Town,_West_Virginia","Dutch Town, West Virginia",dutch-town-west-virginia,dutch-town-west-virginia,GPE
Dutch,1043984,61,58,,http://en.wikipedia.org/wiki/Dutch_Gold,Dutch Gold,dutch-gold,dutch-gold,UNK
Dutch,1542517,218,146,21148,"http://en.wikipedia.org/wiki/Dutch_European_Constitution_referendum,_2005","Dutch European Constitution referendum, 2005",dutch-european-constitution-referendum-2005,dutch-european-constitution-referendum-2005,UNK
Dutch,1939537,294,295,2555166;1656551;21148;19985174,http://en.wikipedia.org/wiki/Canadians_of_Dutch_descent,Canadians of Dutch descent,canadians-of-dutch-descent,canadians-of-dutch-descent,UNK
Dutch,19985174,8555,418,23476997;11125639;2273;3916477;1459417;3708;19985174;575501;21148;2555166;22667;27931386;1656551;1313683;8569916;42737;6539290;13165865;918733;1939537;4547759;337249;61588;4318956;510990;4628340,http://en.wikipedia.org/wiki/Dutch_language,Dutch language,dutch-language,dutch-language,UNK
Dutch,6762763,49,128,21148;4628340;42737;23476997,http://en.wikipedia.org/wiki/Dutch_Island_(Rhode_Island),Dutch Island,dutch-island,dutch-island-rhode-island,UNK
Dutch,4590816,186,104,21148;4628340;42737;23476997,http://en.wikipedia.org/wiki/Dutch_India,Dutch India,dutch-india,dutch-india,GPE
Dutch,23476997,2445,577,1656551;4590816;9239;21148;918733;6762763;2555166;42737;4628340;19985174,http://en.wikipedia.org/wiki/Dutch_East_Indies,Dutch East Indies,dutch-east-indies,dutch-east-indies,GPE
Dutch,918733,479,678,1656551;23476997;21148;19985174,http://en.wikipedia.org/wiki/Dutch_cuisine,Dutch cuisine,dutch-cuisine,dutch-cuisine,UNK
Dutch,34115133,11,27,21148;6539290,http://en.wikipedia.org/wiki/Old_Dutch_(restaurant),Old Dutch,old-dutch,old-dutch-restaurant,UNK
Dutch,2555166,234,339,1656551;42737;21148;1890;1939537;510990;19985174;23476997,http://en.wikipedia.org/wiki/Dutch_American,Dutch American,dutch-american,dutch-american,UNK
Dutch,316073,9,64,23033;26667,http://en.wikipedia.org/wiki/Going_Dutch,Going Dutch,going-dutch,going-dutch,UNK
Dutch,3916477,146,126,1656551;19985174,http://en.wikipedia.org/wiki/Dutch_nationality_law,Dutch nationality law,dutch-nationality-law,dutch-nationality-law,UNK
Ajax Amsterdam,2273,2715,1174,18119;656932;43223;16415;11125639;9316;21148;44220;2273;23608452;68187;19961;23033;26667;574076;19985174,http://en.wikipedia.org/wiki/AFC_Ajax,AFC Ajax,afc-ajax,afc-ajax,UNK
Alex Ferguson,43223,1082,652,8913012;2273;68187;660592;19961;18119;404787;16415;9316;26667;21148;44220,http://en.wikipedia.org/wiki/Alex_Ferguson,Alex Ferguson,alex-ferguson,alex-ferguson,PER
Alex Ferguson,13388425,87,84,,http://en.wikipedia.org/wiki/Alex_Ferguson_(baseball),Alex Ferguson,alex-ferguson,alex-ferguson-baseball,PER
Alex Ferguson,16842514,3,15,,http://en.wikipedia.org/wiki/Alex_Ferguson_(footballer_born_1903),Alex Ferguson,alex-ferguson,alex-ferguson-footballer-born-1903,PER
Rapid Vienna,656932,1238,436,2273;660592;18119;656932;16415;9316;3708;44220;574076,http://en.wikipedia.org/wiki/SK_Rapid_Wien,SK Rapid Wien,sk-rapid-wien,sk-rapid-wien,UNK
Fenerbahce,979542,674,157,979542;23608452;660592;19961;35101066;28820527;11125639;44220;574076,http://en.wikipedia.org/wiki/Fenerbahçe_S.K.,Fenerbahçe S.K.,fenerbahce-sk,fenerbahce-sk,ORG
Fenerbahce,28820527,5,17,11125639;979542,http://en.wikipedia.org/wiki/Fenerbahçe_(Istanbul_neighbourhood),Fenerbahçe,fenerbahce,fenerbahce-istanbul-neighbourhood,UNK
Fenerbahce,35101066,40,36,11125639;979542,http://en.wikipedia.org/wiki/Fenerbahçe_University,Fenerbahçe University,fenerbahce-university,fenerbahce-university,UNK
Fenerbahce,36908306,2,13,,http://en.wikipedia.org/wiki/Fenerbahce_(fish),Fenerbahce,fenerbahce,fenerbahce-fish,PER
Turkey,11496730,59,107,11495681,http://en.wikipedia.org/wiki/USS_Turkey_(AM-13),USS Turkey,uss-turkey,uss-turkey-am-13,UNK
Turkey,27291963,49,48,11125639,http://en.wikipedia.org/wiki/Turkey_Party,Turkey Party,turkey-party,turkey-party,UNK
Turkey,9112329,237,88,9112329;19961,http://en.wikipedia.org/wiki/Dustin_the_Turkey,Dustin the Turkey,dustin-the-turkey,dustin-the-turkey,UNK
Turkey,34786292,28,36,,"http://en.wikipedia.org/wiki/Turkey,_Kentucky","Turkey, Kentucky",turkey-kentucky,turkey-kentucky,GPE
Turkey,16094744,4,4,16747837,http://en.wikipedia.org/wiki/Turkey_Mountain_(New_York),Turkey Mountain,turkey-mountain,turkey-mountain-new-york,UNK
Turkey,4772844,179,211,4772844,http://en.wikipedia.org/wiki/Turkey_Hill_(company),Turkey Hill,turkey-hill,turkey-hill-company,UNK
Turkey,11495681,4,4,11497678;11496730,http://en.wikipedia.org/wiki/USS_Turkey,USS Turkey,uss-turkey,uss-turkey,UNK
Turkey,15444730,37,33,,http://en.wikipedia.org/wiki/The_Turkey,The Turkey,the-turkey,the-turkey,UNK
Turkey,743577,1890,521,12521;11125639;9316;576328;21148;609825;23608452;743577;23033;26667,http://en.wikipedia.org/wiki/Turkey_national_football_team,Turkey national football team,turkey-national-football-team,turkey-national-football-team,ORG
Turkey,10267070,0,2,10267784;5448213,http://en.wikipedia.org/wiki/Turkey_River,Turkey River,turkey-river,turkey-river,UNK
Turkey,30199,342,394,11125639;56959;30199;1187515,http://en.wikipedia.org/wiki/Geography_of_Turkey,Geography of Turkey,geography-of-turkey,geography-of-turkey,UNK
Turkey,20414892,2,41,,"http://en.wikipedia.org/wiki/Turkey_Hill_(Linthicum_Heights,_Maryland)",Turkey Hill,turkey-hill,turkey-hill-linthicum-heights-maryland,UNK
Turkey,72821,410,138,128233;11125639;296928;24513964;11497678,http://en.wikipedia.org/wiki/Turkey_(bird),Turkey,turkey,turkey-bird,UNK
Turkey,5448213,7,14,10267070,http://en.wikipedia.org/wiki/Turkey_River_(New_Hampshire),Turkey River,turkey-river,turkey-river-new-hampshire,UNK
Turkey,296928,427,140,11125639;9316;24513964;72821,http://en.wikipedia.org/wiki/Domesticated_turkey,Domesticated turkey,domesticated-turkey,domesticated-turkey,UNK
Turkey,11497678,74,126,11495681;72821,http://en.wikipedia.org/wiki/USS_Turkey_(AMS-56),USS Turkey,uss-turkey,uss-turkey-ams-56,UNK
Turkey,13824333,0,37,11125639;21148,http://en.wikipedia.org/wiki/Turkey_International,Turkey International,turkey-international,turkey-international,UNK
Turkey,3790633,15,10,,http://en.wikipedia.org/wiki/Little_Turkey,Little Turkey,little-turkey,little-turkey,PER
Turkey,128233,24,48,11125639;72821,"http://en.wikipedia.org/wiki/Turkey,_North_Carolina","Turkey, North Carolina",turkey-north-carolina,turkey-north-carolina,GPE
Turkey,27648807,0,19,,"http://en.wikipedia.org/wiki/Turkey_Beach,_Queensland","Turkey Beach, Queensland",turkey-beach-queensland,turkey-beach-queensland,UNK
Turkey,11125639,51709,902,979542;11125639;2273;3708;4443;9239;18119;404787;16415;19961;269753;576328;21148;23033;7108659;273633;23726939;26667;30199;13824333;23608452;36819322;44220;13659804;296928;30248879;1656551;35101066;72821;68187;1187515;27291963;2730305;19985174;8913012;23844504;24085988;609825;28820527;8569916;128233;22844645;743577;9308469,http://en.wikipedia.org/wiki/Turkey,Turkey,turkey,turkey,GPE
Turkey,135979,26,27,,"http://en.wikipedia.org/wiki/Turkey,_Texas","Turkey, Texas",turkey-texas,turkey-texas,GPE
Turkey,24513964,72,183,9316;410720;296928;72821,http://en.wikipedia.org/wiki/Turkey_meat,Turkey meat,turkey-meat,turkey-meat,UNK
Turkey,37318848,38,53,,"http://en.wikipedia.org/wiki/Turkey,_Limpopo","Turkey, Limpopo",turkey-limpopo,turkey-limpopo,UNK
Turkey,2730305,91,11,11125639,http://en.wikipedia.org/wiki/Communist_Labour_Party_of_Turkey/Leninist,Communist Labour Party of Turkey/Leninist,communist-labour-party-of-turkey-leninist,communist-labour-party-of-turkey-leninist,UNK
Turkey,16747837,0,2,16094744,http://en.wikipedia.org/wiki/Turkey_Mountain,Turkey Mountain,turkey-mountain,turkey-mountain,UNK
Turkey,10267784,20,24,10267070,http://en.wikipedia.org/wiki/Turkey_River_(Iowa),Turkey River,turkey-river,turkey-river-iowa,UNK
Turkey,11554626,118,100,,http://en.wikipedia.org/wiki/Turkey_Point_Light,Turkey Point Light,turkey-point-light,turkey-point-light,UNK
United,19961,7256,734,979542;18119;18081;16415;11125639;2273;609825;19961;143673;576328;21148;2428702;8913012;68187;23033;3313708;574076;660592;43223;9112329;9316;44220;26667;23608452,http://en.wikipedia.org/wiki/Manchester_United_F.C.,Manchester United F.C.,manchester-united-fc,manchester-united-fc,ORG
Turin,19450529,7634,956,2392245;16415;11788173;453828;1449176;4443;30248879;21148;574076;7108659;6544025;5212488;26667;36364691;3719650,http://en.wikipedia.org/wiki/Turin,Turin,turin,turin,GPE
Turin,5212488,95,156,19450529;269753;1449176,http://en.wikipedia.org/wiki/Turin_Airport,Turin Airport,turin-airport,turin-airport,UNK
Turin,248420,78,139,,http://en.wikipedia.org/wiki/Túrin_Turambar,Túrin Turambar,turin-turambar,turin-turambar,UNK
Turin,259857,40,59,259856,"http://en.wikipedia.org/wiki/Turin,_New_York","Turin, New York",turin-new-york,turin-new-york,GPE
Turin,21391751,127,154,21391751,http://en.wikipedia.org/wiki/Turing_test,Turing test,turing-test,turing-test,UNK
Turin,30248879,96,106,19450529;11125639;21148;26667;28195378;3708,http://en.wikipedia.org/wiki/Turin_International,Turin International,turin-international,turin-international,UNK
Turin,453828,526,307,19450529;1449176;61406;453828,http://en.wikipedia.org/wiki/University_of_Turin,University of Turin,university-of-turin,university-of-turin,ORG
Turin,114083,19,44,,"http://en.wikipedia.org/wiki/Turin,_Iowa","Turin, Iowa",turin-iowa,turin-iowa,GPE
Turin,1449176,1197,345,19450529;1449176;5212488;453828,http://en.wikipedia.org/wiki/Province_of_Turin,Province of Turin,province-of-turin,province-of-turin,UNK
Turin,118075,36,57,,"http://en.wikipedia.org/wiki/Turin_Township,_Michigan","Turin Township, Michigan",turin-township-michigan,turin-township-michigan,GPE
Turin,6544025,399,446,19450529,"http://en.wikipedia.org/wiki/Turin,_Alberta","Turin, Alberta",turin-alberta,turin-alberta,GPE
Turin,259856,36,53,259857,"http://en.wikipedia.org/wiki/Turin_(village),_New_York","Turin (village), New York",turin-village-new-york,turin-village-new-york,GPE
Turin,2392245,21,23,19450529,http://en.wikipedia.org/wiki/Turín,Turín,turin,turin,GPE
Turin,36364691,2,21,19450529,http://en.wikipedia.org/wiki/The_Turin,The Turin,the-turin,the-turin,UNK
Turin,110021,21,36,,"http://en.wikipedia.org/wiki/Turin,_Georgia","Turin, Georgia",turin-georgia,turin-georgia,GPE
Old Trafford,660592,2081,334,979542;660597;18119;18081;656932;43223;16415;9316;143673;44220;2428702;8913012;609825;19961,http://en.wikipedia.org/wiki/Old_Trafford,Old Trafford,old-trafford,old-trafford,UNK
Old Trafford,660597,558,109,660592;18081;9316;25921578;2428702,http://en.wikipedia.org/wiki/Old_Trafford_Cricket_Ground,Old Trafford Cricket Ground,old-trafford-cricket-ground,old-trafford-cricket-ground,UNK
Old Trafford,2428702,81,101,9239;9316;660597;660592;19961,"http://en.wikipedia.org/wiki/Old_Trafford,_Greater_Manchester","Old Trafford, Greater Manchester",old-trafford-greater-manchester,old-trafford-greater-manchester,GPE
European Cup,44220,8761,538,979542;18119;404787;16415;11125639;2273;19961;4443;143673;21148;8913012;68187;23033;574076;660592;43223;9316;44220;26667;4589538;656932;12521;23608452;61588,http://en.wikipedia.org/wiki/UEFA_Champions_League,UEFA Champions League,uefa-champions-league,uefa-champions-league,UNK
European Cup,991038,349,139,9316,http://en.wikipedia.org/wiki/Rugby_League_European_Cup,Rugby League European Cup,rugby-league-european-cup,rugby-league-european-cup,UNK
European Cup,32377974,15,12,9239,http://en.wikipedia.org/wiki/European_Cup_(bandy),European Cup,european-cup,european-cup-bandy,UNK
European Cup,7108659,231,235,19450529;11125639;4443;26667;3708;23033;21148,http://en.wikipedia.org/wiki/European_Cup_(athletics),European Cup,european-cup,european-cup-athletics,UNK
European Cup,40454209,12,74,21148;4443;26667,"http://en.wikipedia.org/wiki/European_Cup,_Euroleague_and_LEN_Champions_League_records_and_statistics","European Cup, Euroleague and LEN Champions League records and statistics",european-cup-euroleague-and-len-champions-league-records-and-statistics,european-cup-euroleague-and-len-champions-league-records-and-statistics,GPE
European Cup,4589538,216,142,9239;4443;26667;21148;44220,http://en.wikipedia.org/wiki/European_Cup_(baseball),European Cup,european-cup,european-cup-baseball,PER
Galatasaray,23608452,566,597,23726939;22844645;979542;2273;17410303;23608452;68187;19961;18119;743577;404787;16415;23033;8569916;9308469;11125639;9316;26667;21148;44220;574076,http://en.wikipedia.org/wiki/Galatasaray_S.K._(football),Galatasaray S.K.,galatasaray-sk,galatasaray-sk-football,UNK
Galatasaray,404787,540,234,23726939;22844645;17410303;23608452;8569916;9308469;11125639;9239;43223;44220;23844504,http://en.wikipedia.org/wiki/Galatasaray_S.K.,Galatasaray S.K.,galatasaray-sk,galatasaray-sk,UNK
Galatasaray,23726939,39,42,17410303;11125639;22844645;8569916;9308469;404787;23608452,http://en.wikipedia.org/wiki/Galatasaray_Community,Galatasaray Community,galatasaray-community,galatasaray-community,ORG
Galatasaray,23844504,4,8,11125639;9239;404787,http://en.wikipedia.org/wiki/Galatasaray_(district),Galatasaray,galatasaray,galatasaray-district,UNK
Galatasaray,17410303,105,47,23726939;22844645;17410303;9308469;404787;23608452,http://en.wikipedia.org/wiki/Galatasaray_(magazine),Galatasaray,galatasaray,galatasaray-magazine,ORG
Galatasaray,22844645,128,118,23726939;11125639;17410303;9308469;404787;23608452,http://en.wikipedia.org/wiki/Galatasaray_Museum,Galatasaray Museum,galatasaray-museum,galatasaray-museum,UNK
Galatasaray,9308469,262,239,23726939;11125639;22844645;17410303;23608452;404787,http://en.wikipedia.org/wiki/Galatasaray_University,Galatasaray University,galatasaray-university,galatasaray-university,ORG
Spain,26667,100383,1235,19450529;2273;3708;4443;9239;9316;18119;16415;19961;576328;21148;23033;574076;273633;33571114;23395723;26667;23608452;33877579;316073;24763114;43223;44220;1151508;12218968;24757665;13659804;56959;61406;1656551;68187;358518;23443846;87187;342348;36638162;11787932;855087;609825;3313708;10293321;11125639;143468;14288105;7108659;164508;1545170;30248879;4589538;1187515;24061093;40454209;3409591;9352542;459319;2710111;24085988;4663484;743577,http://en.wikipedia.org/wiki/Spain,Spain,spain,spain,GPE
Spain,273633,300,182,11125639;26667;23033,http://en.wikipedia.org/wiki/Communist_Party_of_Spain,Communist Party of Spain,communist-party-of-spain,communist-party-of-spain,UNK
Spain,3313708,922,317,609825;68187;19961;27663544;23033;9239;9316;26667;21148;574076,http://en.wikipedia.org/wiki/Spain_national_under-21_football_team,Spain national under-21 football team,spain-national-under-21-football-team,spain-national-under-21-football-team,UNK
Spain,459319,361,284,26667,http://en.wikipedia.org/wiki/Flag_of_Spain,Flag of Spain,flag-of-spain,flag-of-spain,UNK
Spain,27663544,87,8,3313708;609825,http://en.wikipedia.org/wiki/Spain_national_youth_football_team,Spain national youth football team,spain-national-youth-football-team,spain-national-youth-football-team,UNK
Spain,4663484,17,38,26667,http://en.wikipedia.org/wiki/Spain_(band),Spain,spain,spain-band,UNK
Spain,33877579,5,33,8569916;26667,http://en.wikipedia.org/wiki/Spain..._on_the_Road_Again,Spain... on the Road Again,spain-on-the-road-again,spain-on-the-road-again,UNK
Spain,10293321,265,185,26667,http://en.wikipedia.org/wiki/Solar_power_in_Spain,Solar power in Spain,solar-power-in-spain,solar-power-in-spain,UNK
Spain,484051,22,63,,http://en.wikipedia.org/wiki/Spain_(composition),Spain,spain,spain-composition,UNK
Spain,609825,3430,790,660592;16415;11125639;9316;609825;19961;27663544;26667;3708;4443;576328;21148;68187;743577;23033;3313708,http://en.wikipedia.org/wiki/Spain_national_football_team,Spain national football team,spain-national-football-team,spain-national-football-team,UNK
Spain,8740160,51,50,,http://en.wikipedia.org/wiki/Spain_(Auden),Spain,spain,spain-auden,UNK
Barcelona,68187,3993,675,18119;24763114;43223;36638162;16415;11125639;9316;44220;2273;609825;19961;26667;1167667;4443;20443577;143673;21148;8913012;23608452;68187;23033;3313708;574076,http://en.wikipedia.org/wiki/FC_Barcelona,FC Barcelona,fc-barcelona,fc-barcelona,ORG
Barcelona,25569672,6,9,,"http://en.wikipedia.org/wiki/Barcelona,_Rio_Grande_do_Norte","Barcelona, Rio Grande do Norte",barcelona-rio-grande-do-norte,barcelona-rio-grande-do-norte,UNK
Barcelona,18450352,10,29,18155959,http://en.wikipedia.org/wiki/Barcelona_(indie_rock_band),Barcelona,barcelona,barcelona-indie-rock-band,UNK
Barcelona,61406,583,336,4443;342348;9239;26667;453828,http://en.wikipedia.org/wiki/University_of_Barcelona,University of Barcelona,university-of-barcelona,university-of-barcelona,ORG
Barcelona,143468,756,376,4443;28214781;26667,http://en.wikipedia.org/wiki/Province_of_Barcelona,Province of Barcelona,province-of-barcelona,province-of-barcelona,UNK
Barcelona,20443577,5,108,9316;4443;68187,"http://en.wikipedia.org/wiki/Barcelona,_Cornwall","Barcelona, Cornwall",barcelona-cornwall,barcelona-cornwall,GPE
Barcelona,2098750,59,32,4443,"http://en.wikipedia.org/wiki/Barcelona,_Sorsogon","Barcelona, Sorsogon",barcelona-sorsogon,barcelona-sorsogon,UNK
Barcelona,15507196,3,14,4443,http://en.wikipedia.org/wiki/Barcelona_Mass,Barcelona Mass,barcelona-mass,barcelona-mass,UNK
Barcelona,4443,14085,1081,15507196;19450529;11125639;4443;143468;68187;14288105;2710111;24763114;9239;9316;44220;40454209;3409591;8520318;20715108;2098750;1545170;855087;609825;21148;61406;7108659;304821;33571114;26667;1167667;4589538;20443577,http://en.wikipedia.org/wiki/Barcelona,Barcelona,barcelona,barcelona,GPE
Barcelona,24763114,171,117,9316;4443;26667;68187;36638162,http://en.wikipedia.org/wiki/FC_Barcelona_(women),FC Barcelona,fc-barcelona,fc-barcelona-women,UNK
Barcelona,36638162,64,57,24763114;23033;68187;26667,http://en.wikipedia.org/wiki/FC_Barcelona_(beach_soccer),FC Barcelona,fc-barcelona,fc-barcelona-beach-soccer,ORG
Barcelona,21287947,1,1,28214781,http://en.wikipedia.org/wiki/Barcelona_Province,Barcelona Province,barcelona-province,barcelona-province,GPE
Barcelona,18155959,11,20,18450352,http://en.wikipedia.org/wiki/Barcelona_(band),Barcelona,barcelona,barcelona-band,UNK
Barcelona,16223536,2,3,,"http://en.wikipedia.org/wiki/Barcelona,_Aruba","Barcelona, Aruba",barcelona-aruba,barcelona-aruba,GPE
Barcelona,33571114,11,11,4443;26667,http://en.wikipedia.org/wiki/W_Barcelona,W Barcelona,w-barcelona,w-barcelona,UNK
Barcelona,3409591,438,85,4443;26667,http://en.wikipedia.org/wiki/County_of_Barcelona,County of Barcelona,county-of-barcelona,county-of-barcelona,GPE
Barcelona,28214781,5,15,1545170;143468;21287947,http://en.wikipedia.org/wiki/Barcelona_Province_(Venezuela),Barcelona Province,barcelona-province,barcelona-province-venezuela,UNK
Barcelona,8520318,14,29,4443,http://en.wikipedia.org/wiki/Barcelona_(Tarrafal),Barcelona,barcelona,barcelona-tarrafal,UNK
Barcelona,8584792,0,169,,http://en.wikipedia.org/wiki/Barcelona_Light,Barcelona Light,barcelona-light,barcelona-light,UNK
Barcelona,20715108,2,10,4443,http://en.wikipedia.org/wiki/A_Barcelona,A Barcelona,a-barcelona,a-barcelona,UNK
Barcelona,14288105,80,140,4443;26667,http://en.wikipedia.org/wiki/Barcelona_(Spanish_Congress_Electoral_District),Barcelona,barcelona,barcelona-spanish-congress-electoral-district,UNK
Barcelona,1545170,99,82,21148;4443;26667;28214781;23033,"http://en.wikipedia.org/wiki/Barcelona,_Anzoátegui","Barcelona, Anzoátegui",barcelona-anzoategui,barcelona-anzoategui,UNK
Barcelona,1167667,499,153,4443;68187;4790849,http://en.wikipedia.org/wiki/Barcelona_Sporting_Club,Barcelona Sporting Club,barcelona-sporting-club,barcelona-sporting-club,UNK
European Trophy,28387258,15,127,13033092,http://en.wikipedia.org/wiki/European_Trophy_Junior,European Trophy Junior,european-trophy-junior,european-trophy-junior,ORG
European Trophy,13033092,414,258,28387258;9239;13033092,http://en.wikipedia.org/wiki/European_Trophy,European Trophy,european-trophy,european-trophy,ORG
Benfica,574076,3013,881,979542;18119;1342652;656932;19450529;16415;24085988;30269134;9316;143673;576328;21148;44220;2273;23608452;68187;19961;23033;26667;3313708;574076;3719650,http://en.wikipedia.org/wiki/S.L._Benfica,S.L. Benfica,sl-benfica,sl-benfica,ORG
Benfica,30269134,15,13,574076,http://en.wikipedia.org/wiki/Benfica_F.C.,Benfica F.C.,benfica-fc,benfica-fc,UNK
Benfica,28629565,207,213,,"http://en.wikipedia.org/wiki/Benfica,_Rio_de_Janeiro","Benfica, Rio de Janeiro",benfica-rio-de-janeiro,benfica-rio-de-janeiro,UNK
Benfica,1342652,40,30,23033;574076,http://en.wikipedia.org/wiki/Benfica_(Lisbon),Benfica,benfica,benfica-lisbon,ORG
Portugal,23033,41738,1491,11125639;1890;2273;3708;4179;1342652;68187;1187515;24061093;9239;9316;11694560;30584507;23443846;18119;16415;19961;9352542;576328;21148;23033;574076;7108659;273633;26667;23608452;4628340;36638162;11787932;316073;2710111;44220;12218968;24586056;42737;164508;24085988;24757665;1545170;855087;609825;56959;3313708;8569916;19686537;556249;743577,http://en.wikipedia.org/wiki/Portugal,Portugal,portugal,portugal,GPE
Portugal,24586056,0,14,6834333;23033;17342097;11694560,http://en.wikipedia.org/wiki/Little_Portugal,Little Portugal,little-portugal,little-portugal,UNK
Portugal,24061093,146,50,26667;23033,http://en.wikipedia.org/wiki/Drug_policy_of_Portugal,Drug policy of Portugal,drug-policy-of-portugal,drug-policy-of-portugal,ORG
Portugal,576328,2684,673,12521;24085988;11125639;9239;9316;143673;576328;21148;609825;19961;743577;23033;26667;574076,http://en.wikipedia.org/wiki/Portugal_national_football_team,Portugal national football team,portugal-national-football-team,portugal-national-football-team,UNK
Portugal,24085988,470,253,23033;11125639;9239;9316;26667;576328;574076,http://en.wikipedia.org/wiki/Portugal_national_under-19_football_team,Portugal national under-19 football team,portugal-national-under-19-football-team,portugal-national-under-19-football-team,UNK
Portugal,9352542,2014,280,9316;24757665;23033;26667,http://en.wikipedia.org/wiki/Kingdom_of_Portugal,Kingdom of Portugal,kingdom-of-portugal,kingdom-of-portugal,GPE
Portugal,30584507,46,31,23033,http://en.wikipedia.org/wiki/Portugal_Tem_Talento,Portugal Tem Talento,portugal-tem-talento,portugal-tem-talento,UNK
Portugal,39041920,6,10,,http://en.wikipedia.org/wiki/Portugal_S.A.,Portugal S.A.,portugal-sa,portugal-sa,UNK
Portugal,17342097,325,198,7514548;24586056,"http://en.wikipedia.org/wiki/Little_Portugal,_Toronto","Little Portugal, Toronto",little-portugal-toronto,little-portugal-toronto,GPE
Portugal,556249,65,60,56959;23033,"http://en.wikipedia.org/wiki/Óbidos,_Portugal","Óbidos, Portugal",obidos-portugal,obidos-portugal,GPE
Portugal,12218968,3,103,21148;9316;26667;23033,http://en.wikipedia.org/wiki/Portugal_International,Portugal International,portugal-international,portugal-international,ORG
Portugal,11694560,112,62,7514548;24586056;23033,"http://en.wikipedia.org/wiki/Little_Portugal,_London","Little Portugal, London",little-portugal-london,little-portugal-london,GPE
Portugal,56959,193,258,9239;56959;30199;1187515;26667;24757665;23033;556249,http://en.wikipedia.org/wiki/Geography_of_Portugal,Geography of Portugal,geography-of-portugal,geography-of-portugal,UNK
Portugal,19686537,69,76,23033;19686537,http://en.wikipedia.org/wiki/Greater_Portugal,Greater Portugal,greater-portugal,greater-portugal,UNK
Portugal,6834333,213,107,7514548;24586056,"http://en.wikipedia.org/wiki/Little_Portugal,_Montreal","Little Portugal, Montreal",little-portugal-montreal,little-portugal-montreal,GPE
Portugal,24757665,404,182,23033;56959;26667;9352542,http://en.wikipedia.org/wiki/County_of_Portugal,County of Portugal,county-of-portugal,county-of-portugal,GPE
Wembley,8913012,3100,945,660592;43223;3659081;94377;11125639;9316;44220;19961;97027;1425560;143673;21148;68187,http://en.wikipedia.org/wiki/Wembley_Stadium,Wembley Stadium,wembley-stadium,wembley-stadium,UNK
Wembley,3522001,138,167,,"http://en.wikipedia.org/wiki/Wembley,_Alberta","Wembley, Alberta",wembley-alberta,wembley-alberta,GPE
Wembley,3659081,139,125,94377;8913012;9316;143673,http://en.wikipedia.org/wiki/Wembley_F.C.,Wembley F.C.,wembley-fc,wembley-fc,ORG
Wembley,143673,3156,705,660592;18119;18081;3659081;94377;9316;44220;19961;3708;576328;8913012;68187;61588;574076,http://en.wikipedia.org/wiki/Wembley_Stadium_(1923),Wembley Stadium,wembley-stadium,wembley-stadium-1923,UNK
Wembley,2590879,56,38,19244792,"http://en.wikipedia.org/wiki/Wembley,_Western_Australia","Wembley, Western Australia",wembley-western-australia,wembley-western-australia,UNK
Wembley,21410391,44,45,94377;1425560,http://en.wikipedia.org/wiki/Wembley_City,Wembley City,wembley-city,wembley-city,UNK
Wembley,19244792,10,14,2590879,http://en.wikipedia.org/wiki/Electoral_district_of_Wembley,Electoral district of Wembley,electoral-district-of-wembley,electoral-district-of-wembley,UNK
Wembley,1425560,71,112,21410391;94377;8913012;9316,http://en.wikipedia.org/wiki/Wembley_Park,Wembley Park,wembley-park,wembley-park,GPE
Wembley,94377,865,385,8913012;21410391;3659081;22667;1425560;9316;143673,http://en.wikipedia.org/wiki/Wembley,Wembley,wembley,wembley,GPE
Ajax,2273,2715,1174,18119;656932;43223;16415;11125639;9316;21148;44220;2273;23608452;68187;19961;23033;26667;574076;19985174,http://en.wikipedia.org/wiki/AFC_Ajax,AFC Ajax,afc-ajax,afc-ajax,UNK
Liverpool,18119,6653,733,18119;18081;16415;11125639;25902071;2273;19961;143673;21148;68187;23033;4790849;574076;660592;43223;9316;44220;23395723;26667;656932;23608452;61588,http://en.wikipedia.org/wiki/Liverpool_F.C.,Liverpool F.C.,liverpool-fc,liverpool-fc,ORG
Liverpool,251259,243,142,18081;9316,"http://en.wikipedia.org/wiki/Liverpool,_Nova_Scotia","Liverpool, Nova Scotia",liverpool-nova-scotia,liverpool-nova-scotia,GPE
Liverpool,133560,66,69,133561,"http://en.wikipedia.org/wiki/Liverpool,_Pennsylvania","Liverpool, Pennsylvania",liverpool-pennsylvania,liverpool-pennsylvania,GPE
Liverpool,111207,80,92,10293974,"http://en.wikipedia.org/wiki/Liverpool,_Illinois","Liverpool, Illinois",liverpool-illinois,liverpool-illinois,GPE
Liverpool,4047653,179,123,252268;2583501,http://en.wikipedia.org/wiki/Electoral_district_of_Liverpool,Electoral district of Liverpool,electoral-district-of-liverpool,electoral-district-of-liverpool,UNK
Liverpool,23395723,160,128,18119;9316;26667,http://en.wikipedia.org/wiki/Liverpool_F.C._(Superleague_Formula_team),Liverpool F.C.,liverpool-fc,liverpool-fc-superleague-formula-team,UNK
Liverpool,19177244,9,30,18081;9316,http://en.wikipedia.org/wiki/HM_Prison_Liverpool,HM Prison Liverpool,hm-prison-liverpool,hm-prison-liverpool,UNK
Liverpool,3591504,31,9,18081,http://en.wikipedia.org/wiki/Liverpool_Stadium,Liverpool Stadium,liverpool-stadium,liverpool-stadium,UNK
Liverpool,13503485,0,2,5452882;9424718,"http://en.wikipedia.org/wiki/Liverpool_Township,_Ohio","Liverpool Township, Ohio",liverpool-township-ohio,liverpool-township-ohio,UNK
Liverpool,32831571,4,116,18081;9316;164508,"http://en.wikipedia.org/wiki/Liverpool,_London_and_Globe_Building","Liverpool, London and Globe Building",liverpool-london-and-globe-building,liverpool-london-and-globe-building,UNK
Liverpool,4790849,166,123,18119;18081;1167667,http://en.wikipedia.org/wiki/Liverpool_F.C._(Montevideo),Liverpool F.C.,liverpool-fc,liverpool-fc-montevideo,ORG
Liverpool,30073375,4,16,18081,http://en.wikipedia.org/wiki/Liverpool_Beach,Liverpool Beach,liverpool-beach,liverpool-beach,UNK
Liverpool,5452882,47,61,9424718;13503485,"http://en.wikipedia.org/wiki/Liverpool_Township,_Medina_County,_Ohio","Liverpool Township, Medina County, Ohio",liverpool-township-medina-county-ohio,liverpool-township-medina-county-ohio,GPE
Liverpool,1680751,116,27,18081;1477868,"http://en.wikipedia.org/wiki/Liverpool,_Southport_and_Preston_Junction_Railway","Liverpool, Southport and Preston Junction Railway",liverpool-southport-and-preston-junction-railway,liverpool-southport-and-preston-junction-railway,UNK
Liverpool,156512,1405,468,342348;156512;18081,http://en.wikipedia.org/wiki/University_of_Liverpool,University of Liverpool,university-of-liverpool,university-of-liverpool,ORG
Liverpool,32932197,2,24,18081;6630771;9316;32932197,http://en.wikipedia.org/wiki/Liverpool_City_(1906)_(rugby_league),Liverpool City (1906),liverpool-city-1906,liverpool-city-1906-rugby-league,UNK
Liverpool,135545,57,71,27260919;18081,"http://en.wikipedia.org/wiki/Liverpool,_Texas","Liverpool, Texas",liverpool-texas,liverpool-texas,GPE
Liverpool,1680734,32,32,18081,"http://en.wikipedia.org/wiki/Liverpool,_Ormskirk_and_Preston_Railway","Liverpool, Ormskirk and Preston Railway",liverpool-ormskirk-and-preston-railway,liverpool-ormskirk-and-preston-railway,UNK
Liverpool,97027,1210,776,8913012;97027,http://en.wikipedia.org/wiki/Liverpool_Street_station,Liverpool Street station,liverpool-street-station,liverpool-street-station,UNK
Liverpool,6630771,200,88,18081;9316;32932197;6630771,http://en.wikipedia.org/wiki/Liverpool_City_(rugby_league),Liverpool City,liverpool-city,liverpool-city-rugby-league,UNK
Liverpool,13703453,1,17,,"http://en.wikipedia.org/wiki/Liverpool,_New_York_&_Philadelphia_S._S._Co._v._Commissioners_of_Emigration","Liverpool, New York & Philadelphia S. S. Co. v. Commissioners of Emigration",liverpool-new-york-philadelphia-s-s-co-v-commissioners-of-emigration,liverpool-new-york-philadelphia-s-s-co-v-commissioners-of-emigration,UNK
Liverpool,133561,43,57,133560,"http://en.wikipedia.org/wiki/Liverpool_Township,_Perry_County,_Pennsylvania","Liverpool Township, Perry County, Pennsylvania",liverpool-township-perry-county-pennsylvania,liverpool-township-perry-county-pennsylvania,GPE
Liverpool,34866636,55,21,,"http://en.wikipedia.org/wiki/Liverpool,_Indiana","Liverpool, Indiana",liverpool-indiana,liverpool-indiana,UNK
Liverpool,10293974,78,95,111207,"http://en.wikipedia.org/wiki/Liverpool_Township,_Fulton_County,_Illinois","Liverpool Township, Fulton County, Illinois",liverpool-township-fulton-county-illinois,liverpool-township-fulton-county-illinois,UNK
Liverpool,10561040,48,58,,http://en.wikipedia.org/wiki/Liverpool_Victoria,Liverpool Victoria,liverpool-victoria,liverpool-victoria,UNK
Liverpool,338589,36,35,18081;9316,http://en.wikipedia.org/wiki/Liverpool_Castle,Liverpool Castle,liverpool-castle,liverpool-castle,UNK
Liverpool,1082412,13,9,,http://en.wikipedia.org/wiki/Liverpool_Road,Liverpool Road,liverpool-road,liverpool-road,UNK
Liverpool,41986971,10,19,,"http://en.wikipedia.org/wiki/Liverpool_Street,_Hobart","Liverpool Street, Hobart",liverpool-street-hobart,liverpool-street-hobart,UNK
Liverpool,2746448,97,75,,"http://en.wikipedia.org/wiki/Liverpool_Street,_Sydney","Liverpool Street, Sydney",liverpool-street-sydney,liverpool-street-sydney,UNK
Liverpool,252268,302,118,5378144;18081;4047653;2583501,"http://en.wikipedia.org/wiki/Liverpool,_New_South_Wales","Liverpool, New South Wales",liverpool-new-south-wales,liverpool-new-south-wales,UNK
Liverpool,33392817,146,166,,"http://en.wikipedia.org/wiki/Liverpool,_West_Virginia","Liverpool, West Virginia",liverpool-west-virginia,liverpool-west-virginia,UNK
Liverpool,5790450,136,113,18081;9316,http://en.wikipedia.org/wiki/Liverpool_College,Liverpool College,liverpool-college,liverpool-college,ORG
Liverpool,9424718,56,73,5452882;13503485,"http://en.wikipedia.org/wiki/Liverpool_Township,_Columbiana_County,_Ohio","Liverpool Township, Columbiana County, Ohio",liverpool-township-columbiana-county-ohio,liverpool-township-columbiana-county-ohio,GPE
Liverpool,1676943,7,21,,"http://en.wikipedia.org/wiki/Liverpool,_St_Helens_and_South_Lancashire_Railway","Liverpool, St Helens and South Lancashire Railway",liverpool-st-helens-and-south-lancashire-railway,liverpool-st-helens-and-south-lancashire-railway,UNK
Liverpool,1477868,44,31,1680751,"http://en.wikipedia.org/wiki/Liverpool,_Crosby_and_Southport_Railway","Liverpool, Crosby and Southport Railway",liverpool-crosby-and-southport-railway,liverpool-crosby-and-southport-railway,UNK
Liverpool,3460478,119,29,18081,http://en.wikipedia.org/wiki/Liverpool_Bay,Liverpool Bay,liverpool-bay,liverpool-bay,UNK
Liverpool,4470985,69,121,9239;18081;9316,http://en.wikipedia.org/wiki/Liverpool_(store),Liverpool,liverpool,liverpool-store,UNK
Liverpool,2583501,210,276,5378144;18081;18803164;4047653;252268,http://en.wikipedia.org/wiki/City_of_Liverpool_(New_South_Wales),City of Liverpool,city-of-liverpool,city-of-liverpool-new-south-wales,UNK
Liverpool,18081,12350,1046,19177244;1680734;1680751;3708;143673;32932197;4790849;660597;660592;9316;164508;6630771;135545;32831571;156512;18119;18081;30073375;19961;3591504;2583501;21148;252268;5790450;3460478;251259;338589;126887;4470985,http://en.wikipedia.org/wiki/Liverpool,Liverpool,liverpool,liverpool,GPE
Liverpool,164508,591,458,32831571;23033;292616;9239;18081;9316;26667;21148,http://en.wikipedia.org/wiki/Liverpool_John_Lennon_Airport,Liverpool John Lennon Airport,liverpool-john-lennon-airport,liverpool-john-lennon-airport,UNK
Liverpool,25902071,0,10,18119,http://en.wikipedia.org/wiki/Liverpool_(We're_Never_Gonna...),Liverpool,liverpool,liverpool-were-never-gonna,UNK
Liverpool,126887,152,116,18081,"http://en.wikipedia.org/wiki/Liverpool,_New_York","Liverpool, New York",liverpool-new-york,liverpool-new-york,GPE
Liverpool,5378144,11,19,2583501;252268,http://en.wikipedia.org/wiki/Liverpool_Hospital,Liverpool Hospital,liverpool-hospital,liverpool-hospital,ORG
Heysel,61588,468,90,575501;18119;143673;3708;21148;44220;19985174,http://en.wikipedia.org/wiki/King_Baudouin_Stadium,King Baudouin Stadium,king-baudouin-stadium,king-baudouin-stadium,UNK
Brussels,3708,11851,706,18081;87187;11125639;609825;1459417;3708;19985174;30248879;269753;575501;143673;21148;1187515;23033;28195378;27931386;1656551;7108659;9239;410720;26667;656932;6539290;61588;4318956,http://en.wikipedia.org/wiki/Brussels,Brussels,brussels,brussels,GPE
Brussels,4547759,8,13,19985174,http://en.wikipedia.org/wiki/Brussels_cheese,Brussels cheese,brussels-cheese,brussels-cheese,UNK
Brussels,4318956,462,343,269753;292616;8569916;3708;19985174,http://en.wikipedia.org/wiki/Brussels_Airlines,Brussels Airlines,brussels-airlines,brussels-airlines,ORG
Brussels,28439418,49,63,138956,"http://en.wikipedia.org/wiki/Brussels_(community),_Wisconsin","Brussels (community), Wisconsin",brussels-community-wisconsin,brussels-community-wisconsin,GPE
Brussels,110853,44,56,,"http://en.wikipedia.org/wiki/Brussels,_Illinois","Brussels, Illinois",brussels-illinois,brussels-illinois,GPE
Brussels,1459417,22,24,3708;19985174,http://en.wikipedia.org/wiki/Brussels_Park,Brussels Park,brussels-park,brussels-park,UNK
Brussels,269753,596,457,292616;5212488;575501;11125639;28195378;3708;4318956,http://en.wikipedia.org/wiki/Brussels_Airport,Brussels Airport,brussels-airport,brussels-airport,UNK
Brussels,138956,61,80,28439418,"http://en.wikipedia.org/wiki/Brussels,_Wisconsin","Brussels, Wisconsin",brussels-wisconsin,brussels-wisconsin,GPE
Brussels,232832,25,25,,"http://en.wikipedia.org/wiki/Brussels,_Ontario","Brussels, Ontario",brussels-ontario,brussels-ontario,GPE
Brussels,575501,203,76,269753;61588;28195378;3708;19985174,http://en.wikipedia.org/wiki/City_of_Brussels,City of Brussels,city-of-brussels,city-of-brussels,UNK
Brussels,28195378,170,130,269753;30248879;3708;575501,http://en.wikipedia.org/wiki/Brussels_International_(1897),Brussels International,brussels-international,brussels-international-1897,PER
Brussels,29334066,2,17,,http://en.wikipedia.org/wiki/Brussels_II,Brussels II,brussels-ii,brussels-ii,UNK
Brussels,410720,96,101,21148;24513964;3708,http://en.wikipedia.org/wiki/Brussels_sprout,Brussels sprout,brussels-sprout,brussels-sprout,UNK
Brussels,27931386,48,110,3708;19985174,http://en.wikipedia.org/wiki/District_of_Brussels,District of Brussels,district-of-brussels,district-of-brussels,UNK
