forMention,id,inCount,outCount,links,url,name,normalName,normalWikiTitle,predictedType
POKKA,28641556,4,3,15573,http://en.wikipedia.org/wiki/Pokka,Pokka,pokka,pokka,UNK
SUZUKA,748984,698,253,15573;329092;10577,http://en.wikipedia.org/wiki/Suzuka_Circuit,Suzuka Circuit,suzuka-circuit,suzuka-circuit,UNK
SUZUKA,18203578,14,15,15575;15573,http://en.wikipedia.org/wiki/Suzuka_Mountains,Suzuka Mountains,suzuka-mountains,suzuka-mountains,UNK
SUZUKA,329092,237,122,594362;5843419;18376747;748984;15573;188166;26560785,"http://en.wikipedia.org/wiki/Suzuka,_Mie","Suzuka, Mie",suzuka-mie,suzuka-mie,GPE
SUZUKA,26560785,2,15,329092;15573,http://en.wikipedia.org/wiki/Suzuka_River,Suzuka River,suzuka-river,suzuka-river,UNK
SUZUKA,35747559,1,8,,http://en.wikipedia.org/wiki/Suzuka_(genus),Suzuka,suzuka,suzuka-genus,PER
SUZUKA,594362,8,45,329092;15573,"http://en.wikipedia.org/wiki/Suzuka_District,_Mie","Suzuka District, Mie",suzuka-district-mie,suzuka-district-mie,UNK
SUZUKA,18376747,14,25,15573;329092,http://en.wikipedia.org/wiki/Suzuka_Station,Suzuka Station,suzuka-station,suzuka-station,UNK
SUZUKA,2904140,77,90,,http://en.wikipedia.org/wiki/Suzuka_(manga),Suzuka,suzuka,suzuka-manga,UNK
Japan,15573,121938,860,6122365;5843419;10110;10790;10577;11867;30863630;14532;15575;15573;15578;578468;21148;26748;31717;4131857;317196;3392261;3650116;1148454;49732;9224848;28641556;5075311;87995;1326000;329092;18949613;895441;8419772;5058739;594362;362466;26964606;6246929;695226;167104;5166757;18203578;1299302;16832191;681862;188166;30786389;9647657;26560785;197676;4689264;723233;748984;18376747;1233974;1234917;250204;250197,http://en.wikipedia.org/wiki/Japan,Japan,japan,japan,GPE
Japan,167707,254,89,167707,http://en.wikipedia.org/wiki/Japan_(band),Japan,japan,japan-band,UNK
Japan,9224848,30,32,15573,http://en.wikipedia.org/wiki/Professional_baseball_in_Japan,Professional baseball in Japan,professional-baseball-in-japan,professional-baseball-in-japan,UNK
Japan,25776463,22,12,11867,http://en.wikipedia.org/wiki/Japan_Center_(Frankfurt),Japan Center,japan-center,japan-center-frankfurt,UNK
Japan,6122365,53,73,6108533;6122287;6108409;15573,http://en.wikipedia.org/wiki/Japan_(Epcot),Japan,japan,japan-epcot,UNK
Japan,1299302,92,76,15573,http://en.wikipedia.org/wiki/BBC_Japan,BBC Japan,bbc-japan,bbc-japan,UNK
Japan,15575,185,368,18203578;10790;167104;10110;15575;15573;15578;10577,http://en.wikipedia.org/wiki/Geography_of_Japan,Geography of Japan,geography-of-japan,geography-of-japan,UNK
Japan,6246929,4,19,15573,http://en.wikipedia.org/wiki/Japan_(Buronson_manga),Japan,japan,japan-buronson-manga,UNK
Japan,167104,367,331,10790;1326000;167104;10110;146615;15575;15573;15578,http://en.wikipedia.org/wiki/Culture_of_Japan,Culture of Japan,culture-of-japan,culture-of-japan,UNK
Japan,146615,239,199,167104,http://en.wikipedia.org/wiki/Japanese_numerals,Japanese numerals,japanese-numerals,japanese-numerals,GPE
Japan,317196,234,146,15573,http://en.wikipedia.org/wiki/Provinces_of_Japan,Provinces of Japan,provinces-of-japan,provinces-of-japan,UNK
Japan,6246617,2,5,,http://en.wikipedia.org/wiki/Japan_(Eiji_Ōtsuka_manga),Japan,japan,japan-eiji-otsuka-manga,UNK
Japan,1326000,177,128,4689264;31717;5843419;11867;14532;167104;15573,http://en.wikipedia.org/wiki/Japan_Foundation,Japan Foundation,japan-foundation,japan-foundation,ORG
Japan,34496828,4,13,,"http://en.wikipedia.org/wiki/Japan,_Our_Homeland","Japan, Our Homeland",japan-our-homeland,japan-our-homeland,UNK
Japan,30863630,94,106,15573,http://en.wikipedia.org/wiki/Japan_Society_(Manhattan),Japan Society,japan-society,japan-society-manhattan,UNK
Japan,188166,2658,54,15573;329092,http://en.wikipedia.org/wiki/Japan_Standard_Time,Japan Standard Time,japan-standard-time,japan-standard-time,UNK
Japan,4083287,5,13,,http://en.wikipedia.org/wiki/Japan-US_(cable_system),Japan-US,japan-us,japan-us-cable-system,UNK
Japan,34220568,43,49,,http://en.wikipedia.org/wiki/Japan_Center_(San_Francisco),Japan Center,japan-center,japan-center-san-francisco,UNK
Japan,197676,786,474,14532;15573;15578,http://en.wikipedia.org/wiki/Japan_Airlines,Japan Airlines,japan-airlines,japan-airlines,ORG
Japan,10790,1230,655,10790;167104;10110;15575;15573;15578,http://en.wikipedia.org/wiki/Cinema_of_Japan,Cinema of Japan,cinema-of-japan,cinema-of-japan,UNK
Japan,3392261,74,67,4689264;3767091;15573,http://en.wikipedia.org/wiki/Japan_national_Australian_rules_football_team,Japan national Australian rules football team,japan-national-australian-rules-football-team,japan-national-australian-rules-football-team,UNK
Japan,10110,1892,274,87995;167104;10790;15575;15573;15578,http://en.wikipedia.org/wiki/Emperor_of_Japan,Emperor of Japan,emperor-of-japan,emperor-of-japan,UNK
Japan,15578,714,689,895441;10790;167104;197676;14532;11867;10110;67473;26748;4689264;21148;15575;15573;15578,http://en.wikipedia.org/wiki/Economy_of_Japan,Economy of Japan,economy-of-japan,economy-of-japan,UNK
Japan,87995,1335,576,13058;87995;20599016;31717;10110;15573,http://en.wikipedia.org/wiki/Occupation_of_Japan,Occupation of Japan,occupation-of-japan,occupation-of-japan,GPE
Japan,16832191,5,25,15573,http://en.wikipedia.org/wiki/Japan_Japan,Japan Japan,japan-japan,japan-japan,UNK
Japan,32404162,123,134,,"http://en.wikipedia.org/wiki/Japan,_Pennsylvania","Japan, Pennsylvania",japan-pennsylvania,japan-pennsylvania,GPE
Japan,895441,124,149,895441;21148;15573;15578,http://en.wikipedia.org/wiki/Whaling_in_Japan,Whaling in Japan,whaling-in-japan,whaling-in-japan,UNK
Pokka,28641556,4,3,15573,http://en.wikipedia.org/wiki/Pokka,Pokka,pokka,pokka,UNK
Britain,31717,184306,1536,5843419;10577;11867;13058;13525;14701;14532;15573;11666792;578468;21332;21148;21161;26748;31717;33166;3650116;1639662;1148454;49732;6430550;65836;2567493;67542;5075311;87995;1326000;12576820;18949613;18950948;5058739;8007505;9804204;26964606;17271126;412419;158019;409543;152256;5166757;17312218;13530298;30786389;480153;9647657;217537;5434703;4689264;1235361;1233974;1234917;250197,http://en.wikipedia.org/wiki/United_Kingdom,United Kingdom,united-kingdom,united-kingdom,GPE
Britain,38279445,148,154,,"http://en.wikipedia.org/wiki/Little_Britain,_Pennsylvania","Little Britain, Pennsylvania",little-britain-pennsylvania,little-britain-pennsylvania,GPE
Britain,13530298,15528,510,5691770;13525;2687967;158019;21148;217537;131046;17271126;152256;31717,http://en.wikipedia.org/wiki/Great_Britain,Great Britain,great-britain,great-britain,UNK
Britain,3365792,82,95,,"http://en.wikipedia.org/wiki/Britain,_Virginia","Britain, Virginia",britain-virginia,britain-virginia,GPE
Britain,25191544,6,11,,http://en.wikipedia.org/wiki/Mr._Britain,Mr. Britain,mr-britain,mr-britain,UNK
Britain,12386536,24,23,,"http://en.wikipedia.org/wiki/Little_Britain,_London","Little Britain, London",little-britain-london,little-britain-london,GPE
Britain,412419,404,297,31717;412419,http://en.wikipedia.org/wiki/Captain_Britain,Captain Britain,captain-britain,captain-britain,UNK
Britain,152256,8595,755,13530298;158019;5843419;9804204;17271126;152256;13525;31717,http://en.wikipedia.org/wiki/United_Kingdom_of_Great_Britain_and_Ireland,United Kingdom of Great Britain and Ireland,united-kingdom-of-great-britain-and-ireland,united-kingdom-of-great-britain-and-ireland,GPE
Britain,17271126,68,172,158019;13530298;152256;31717;13525,http://en.wikipedia.org/wiki/Britain_(placename),Britain,britain,britain-placename,UNK
Britain,409543,134,241,31717;2793759;14532,http://en.wikipedia.org/wiki/New_Communist_Party_of_Britain,New Communist Party of Britain,new-communist-party-of-britain,new-communist-party-of-britain,UNK
Britain,1185144,86,82,,"http://en.wikipedia.org/wiki/Little_Britain,_New_York","Little Britain, New York",little-britain-new-york,little-britain-new-york,UNK
Britain,13525,2496,556,13530298;152256;1873263;13525;158019;31717;17271126,http://en.wikipedia.org/wiki/Roman_Britain,Roman Britain,roman-britain,roman-britain,ORG
Britain,480153,370,113,31717;5843419;11867;4689264;21148,http://en.wikipedia.org/wiki/Little_Britain,Little Britain,little-britain,little-britain,UNK
Britain,20823802,57,65,,"http://en.wikipedia.org/wiki/Britain,_Australia_and_the_Bomb","Britain, Australia and the Bomb",britain-australia-and-the-bomb,britain-australia-and-the-bomb,UNK
Britain,7954202,68,60,,"http://en.wikipedia.org/wiki/Little_Britain,_Ontario","Little Britain, Ontario",little-britain-ontario,little-britain-ontario,UNK
Britain,158019,6631,401,13530298;158019;21148;17271126;152256;13525;31717;4689264,http://en.wikipedia.org/wiki/Kingdom_of_Great_Britain,Kingdom of Great Britain,kingdom-of-great-britain,kingdom-of-great-britain,GPE
James Weaver,5691770,293,158,1877657;12697444;13530298;3650116,http://en.wikipedia.org/wiki/James_Weaver_(racing_driver),James Weaver,james-weaver,james-weaver-racing-driver,PER
James Weaver,12697444,1,11,11666792;5691770,http://en.wikipedia.org/wiki/James_Weaver,James Weaver,james-weaver,james-weaver,PER
James Weaver,11666792,2,9,12697444;31717,http://en.wikipedia.org/wiki/James_Weaver_(actor),James Weaver,james-weaver,james-weaver-actor,PER
Finland,10577,44494,840,11685701;5843419;9647657;10709;10577;11867;5421455;10481756;14532;15575;15573;578468;21148;217537;18949613;26748;26889;31717;5058739;3197752;17312218;723233;296977;1727522;748984;49732;10059249;26964606,http://en.wikipedia.org/wiki/Finland,Finland,finland,finland,GPE
Finland,10709,160,220,14699;11685701;21493015;11867;10709;5058739;26889;10577;67542;67472,http://en.wikipedia.org/wiki/Geography_of_Finland,Geography of Finland,geography-of-finland,geography-of-finland,UNK
Finland,296977,45,25,10577;10481756;5058739;296977,http://en.wikipedia.org/wiki/Old_Finland,Old Finland,old-finland,old-finland,UNK
Finland,17312218,14,157,14532;10577;31717;5843419,http://en.wikipedia.org/wiki/USS_Finland_(ID-4543),USS Finland,uss-finland,uss-finland-id-4543,UNK
Finland,5421455,43,63,5421455;10577;10481756;5058739;11867,http://en.wikipedia.org/wiki/Kingdom_of_Finland_(1918),Kingdom of Finland,kingdom-of-finland,kingdom-of-finland-1918,GPE
Finland,10059249,43,60,10577,"http://en.wikipedia.org/wiki/Finland,_Minnesota","Finland, Minnesota",finland-minnesota,finland-minnesota,GPE
Finland,32327908,127,141,,"http://en.wikipedia.org/wiki/Finland,_Pennsylvania","Finland, Pennsylvania",finland-pennsylvania,finland-pennsylvania,GPE
Finland,41437317,3,14,,http://en.wikipedia.org/wiki/Little_Finland,Little Finland,little-finland,little-finland,UNK
Finland,723233,1522,501,362466;681862;21148;695226;33166;9647657;14532;10577;26964606;250204;250197;5843419;11867;5058739;26748;15573;578468,http://en.wikipedia.org/wiki/Finland_national_football_team,Finland national football team,finland-national-football-team,finland-national-football-team,UNK
Finland,1727522,85,93,475061;10577,http://en.wikipedia.org/wiki/Greater_Finland,Greater Finland,greater-finland,greater-finland,UNK
Finland,3197752,72,116,10577;11867,http://en.wikipedia.org/wiki/Finland_Station,Finland Station,finland-station,finland-station,UNK
Finland,10481756,10,35,296977;5421455;10577,http://en.wikipedia.org/wiki/Kingdom_of_Finland_(1742),Kingdom of Finland,kingdom-of-finland,kingdom-of-finland-1742,GPE
Finland,11685701,462,156,11685701;1490969;8419772;10709;10577,http://en.wikipedia.org/wiki/Religion_in_Finland,Religion in Finland,religion-in-finland,religion-in-finland,UNK
Anders Olofsson,36352746,56,14,1234917;1148454;5058739,http://en.wikipedia.org/wiki/Anders_Olofsson,Anders Olofsson,anders-olofsson,anders-olofsson,PER
Sweden,5058739,77359,853,5843419;976346;695226;10709;10577;11867;133621;27483885;14532;15573;578468;21148;36352746;26748;26889;31717;3767091;3650116;1148454;296977;49732;681862;6430550;30786389;9647657;5421455;5075311;217537;18949613;5058739;4689264;10791592;723233;362466;1234917;26964606;250204;250197,http://en.wikipedia.org/wiki/Sweden,Sweden,sweden,sweden,GPE
Sweden,10791592,32,39,5058739;10791592,http://en.wikipedia.org/wiki/Sweden_Party,Sweden Party,sweden-party,sweden-party,UNK
Sweden,578468,3430,805,695226;33166;9647657;10577;26964606;250204;250197;5843419;11867;26748;723233;578468;362466;681862;21148;14532;31717;5058739;3767091;4689264;15573,http://en.wikipedia.org/wiki/Sweden_national_football_team,Sweden national football team,sweden-national-football-team,sweden-national-football-team,UNK
Sweden,38358054,40,54,133621,"http://en.wikipedia.org/wiki/Sweden_Valley,_Pennsylvania","Sweden Valley, Pennsylvania",sweden-valley-pennsylvania,sweden-valley-pennsylvania,GPE
Sweden,37500323,20,41,,"http://en.wikipedia.org/wiki/Sweden,_Arkansas","Sweden, Arkansas",sweden-arkansas,sweden-arkansas,UNK
Sweden,30241072,11,21,,"http://en.wikipedia.org/wiki/Sweden,_Texas","Sweden, Texas",sweden-texas,sweden-texas,UNK
Sweden,3767091,118,72,5058739;4689264;3392261;578468,http://en.wikipedia.org/wiki/Australian_rules_football_in_Sweden,Australian rules football in Sweden,australian-rules-football-in-sweden,australian-rules-football-in-sweden,PER
Sweden,126646,65,64,,"http://en.wikipedia.org/wiki/Sweden,_New_York","Sweden, New York",sweden-new-york,sweden-new-york,GPE
Sweden,133621,43,54,5058739;38358054,"http://en.wikipedia.org/wiki/Sweden_Township,_Potter_County,_Pennsylvania","Sweden Township, Potter County, Pennsylvania",sweden-township-potter-county-pennsylvania,sweden-township-potter-county-pennsylvania,GPE
Sweden,976346,30,39,5058739,http://en.wikipedia.org/wiki/Name_of_Sweden,Name of Sweden,name-of-sweden,name-of-sweden,UNK
Sweden,6430550,146,185,31717;5058739,http://en.wikipedia.org/wiki/Sweden_and_the_euro,Sweden and the euro,sweden-and-the-euro,sweden-and-the-euro,UNK
Sweden,26889,163,292,217537;14699;21493015;11867;10709;5058739;26889;10577;67542;67472,http://en.wikipedia.org/wiki/Geography_of_Sweden,Geography of Sweden,geography-of-sweden,geography-of-sweden,UNK
Sweden,116094,60,85,,"http://en.wikipedia.org/wiki/Sweden,_Maine","Sweden, Maine",sweden-maine,sweden-maine,GPE
Sweden,217537,459,295,31717;5843419;5058739;217537;13530298;26889;10577;26964606,http://en.wikipedia.org/wiki/Union_between_Sweden_and_Norway,Union between Sweden and Norway,union-between-sweden-and-norway,union-between-sweden-and-norway,GPE
Italy,14532,127197,1418,2983;5843419;10577;11809;11867;23623088;14701;14699;14532;15573;15578;1942377;265585;578468;21148;6108533;26748;31717;33166;3650116;1639662;1148454;3867414;49732;41381137;67542;67473;67472;1884591;1326000;12576820;1873263;18949613;897351;5058739;15391883;362466;9804204;26964606;127616;695226;411234;135842;409543;27765303;17312218;681862;25036290;9647657;197676;758372;4689264;18638100;723233;1235361;1233974;1234917;1484334;250204;250197,http://en.wikipedia.org/wiki/Italy,Italy,italy,italy,GPE
Italy,15540697,55,88,1171144;2170833;704114;35158464;23623088;4304258;1942377;1884591;411234;265592;265585;1484334,"http://en.wikipedia.org/wiki/Little_Italy,_Clay_County,_West_Virginia","Little Italy, Clay County, West Virginia",little-italy-clay-county-west-virginia,little-italy-clay-county-west-virginia,GPE
Italy,25036290,1434,275,27765303;362466;27483885;3867414;14532,http://en.wikipedia.org/wiki/Italy_national_under-19_football_team,Italy national under-19 football team,italy-national-under-19-football-team,italy-national-under-19-football-team,UNK
Italy,135842,51,56,14532,"http://en.wikipedia.org/wiki/Italy,_Texas","Italy, Texas",italy-texas,italy-texas,GPE
Italy,127616,31,48,14532,"http://en.wikipedia.org/wiki/Italy,_New_York","Italy, New York",italy-new-york,italy-new-york,GPE
Italy,1873263,160,203,9804204;1639662;14532;13525,http://en.wikipedia.org/wiki/Roman_Italy,Roman Italy,roman-italy,roman-italy,UNK
Italy,3867414,1771,347,362466;14532;25036290;5843419;11867,http://en.wikipedia.org/wiki/Italy_national_under-21_football_team,Italy national under-21 football team,italy-national-under-21-football-team,italy-national-under-21-football-team,ORG
Italy,897351,708,300,13058;33166;897351;14701;14699;9804204;14532;26964606;2170833,http://en.wikipedia.org/wiki/Southern_Italy,Southern Italy,southern-italy,southern-italy,UNK
Italy,6108533,54,53,6122365;14532;6122287;6108409,http://en.wikipedia.org/wiki/Italy_(Epcot),Italy,italy,italy-epcot,UNK
Italy,1884591,256,167,2170833;704114;4304258;1484334;11805457;35158589;15391883;758372;11752595;411234;14532;20789349;1171144;15540697;23623088;1942377;8684049;265592;265585,"http://en.wikipedia.org/wiki/Little_Italy,_San_Diego","Little Italy, San Diego",little-italy-san-diego,little-italy-san-diego,UNK
Italy,1171144,179,81,2170833;704114;4304258;1484334;11805457;35158589;15391883;758372;11752595;411234;20789349;15540697;23623088;1942377;8684049;1884591;265592;265585,"http://en.wikipedia.org/wiki/Little_Italy,_Vancouver","Little Italy, Vancouver",little-italy-vancouver,little-italy-vancouver,UNK
Italy,14169617,48,64,,http://en.wikipedia.org/wiki/Italy_Records,Italy Records,italy-records,italy-records,ORG
Italy,265592,342,391,704114;4304258;1484334;758372;11752595;1171144;23623088;1884591;265592;265585;2170833;11805457;35158589;15391883;411234;20789349;15540697;1942377;8684049,http://en.wikipedia.org/wiki/Little_Italy,Little Italy,little-italy,little-italy,UNK
Italy,704114,136,39,2170833;20789349;4304258;1484334;11805457;35158589;1171144;15540697;15391883;23623088;758372;1942377;8684049;1884591;11752595;411234;265592;265585,"http://en.wikipedia.org/wiki/Little_Italy,_Ottawa","Little Italy, Ottawa",little-italy-ottawa,little-italy-ottawa,GPE
Italy,11752595,7,27,704114;23623088;1171144;4304258;1942377;1884591;2170833;411234;265592;265585;1484334,"http://en.wikipedia.org/wiki/Little_Italy,_Wilmington","Little Italy, Wilmington",little-italy-wilmington,little-italy-wilmington,UNK
Italy,1639662,560,249,31717;1873263;11867;26748;9804204;21148;14532,http://en.wikipedia.org/wiki/Kingdom_of_Italy_(Napoleonic),Kingdom of Italy,kingdom-of-italy,kingdom-of-italy-napoleonic,GPE
Italy,14701,1074,423,41381137;897351;14701;14699;9804204;14532;11809;31717;5843419;11867,http://en.wikipedia.org/wiki/Politics_of_Italy,Politics of Italy,politics-of-italy,politics-of-italy,UNK
Italy,11805457,20,107,2170833;704114;4304258;1484334;1171144;23623088;1942377;1884591;411234;265592;265585,"http://en.wikipedia.org/wiki/Little_Italy,_Omaha","Little Italy, Omaha",little-italy-omaha,little-italy-omaha,UNK
Italy,20789349,0,30,704114;23623088;4304258;1171144;1942377;1884591;2170833;411234;265592;265585;1484334,http://en.wikipedia.org/wiki/Little_Italy_(Bridgeport),Little Italy,little-italy,little-italy-bridgeport,UNK
Italy,1942377,326,277,704114;4304258;1484334;758372;11752595;1171144;23623088;1884591;265592;265585;2170833;11805457;35158589;15391883;411234;14532;20789349;15540697;8684049,"http://en.wikipedia.org/wiki/Little_Italy,_Chicago","Little Italy, Chicago",little-italy-chicago,little-italy-chicago,UNK
Italy,16730206,14,20,,http://en.wikipedia.org/wiki/I.T.A.L.Y.,I.T.A.L.Y.,italy,italy,UNK
Italy,35158464,0,2,35158589;15540697,"http://en.wikipedia.org/wiki/Little_Italy,_West_Virginia","Little Italy, West Virginia",little-italy-west-virginia,little-italy-west-virginia,UNK
Italy,362466,4391,862,265585;3867414;695226;33166;9647657;26964606;250204;250197;25036290;5843419;11867;26748;723233;578468;362466;681862;23623088;21148;14532;5058739;15573,http://en.wikipedia.org/wiki/Italy_national_football_team,Italy national football team,italy-national-football-team,italy-national-football-team,ORG
Italy,14699,202,305,26748;14701;14699;21493015;5843419;10709;14532;26889;67542;26964606;897351;67472,http://en.wikipedia.org/wiki/Geography_of_Italy,Geography of Italy,geography-of-italy,geography-of-italy,UNK
Italy,4304258,128,26,2170833;20789349;704114;1484334;11805457;35158589;1171144;15540697;15391883;23623088;758372;1942377;8684049;1884591;11752595;411234;265592;265585,"http://en.wikipedia.org/wiki/Little_Italy,_Winnipeg","Little Italy, Winnipeg",little-italy-winnipeg,little-italy-winnipeg,UNK
Italy,758372,48,75,1171144;2170833;14532;704114;23623088;4304258;1942377;1884591;411234;265592;265585;1484334,"http://en.wikipedia.org/wiki/Little_Italy,_Syracuse","Little Italy, Syracuse",little-italy-syracuse,little-italy-syracuse,UNK
Italy,265585,408,307,704114;4304258;1484334;362466;758372;11752595;883816;1171144;23623088;1884591;265592;2170833;11805457;35158589;15391883;411234;14532;20789349;15540697;1942377;8684049,"http://en.wikipedia.org/wiki/Little_Italy,_Manhattan","Little Italy, Manhattan",little-italy-manhattan,little-italy-manhattan,GPE
Italy,8684049,9,28,704114;23623088;1171144;4304258;1942377;1884591;2170833;411234;265592;265585;1484334,"http://en.wikipedia.org/wiki/Little_Italy,_Paterson","Little Italy, Paterson",little-italy-paterson,little-italy-paterson,UNK
Italy,2170833,240,148,704114;4304258;1484334;11805457;35158589;15391883;758372;11752595;411234;20789349;1171144;15540697;23623088;1942377;8684049;1884591;897351;265592;265585,"http://en.wikipedia.org/wiki/Little_Italy,_Montreal","Little Italy, Montreal",little-italy-montreal,little-italy-montreal,GPE
Italy,35158589,73,113,2170833;704114;35158464;4304258;1484334;1171144;23623088;1942377;1884591;411234;265592;265585,"http://en.wikipedia.org/wiki/Little_Italy,_Randolph_County,_West_Virginia","Little Italy, Randolph County, West Virginia",little-italy-randolph-county-west-virginia,little-italy-randolph-county-west-virginia,GPE
Italy,15391883,1,42,704114;23623088;1171144;4304258;1942377;1884591;2170833;411234;265592;265585;14532;1484334,"http://en.wikipedia.org/wiki/Little_Italy,_Connellsville","Little Italy, Connellsville",little-italy-connellsville,little-italy-connellsville,UNK
Italy,411234,496,398,704114;4304258;1484334;758372;11752595;1171144;23623088;1884591;265592;265585;2170833;11805457;35158589;15391883;14532;20789349;15540697;1942377;8684049,"http://en.wikipedia.org/wiki/Little_Italy,_Toronto","Little Italy, Toronto",little-italy-toronto,little-italy-toronto,GPE
Italy,1484334,345,214,2170833;704114;4304258;11805457;35158589;15391883;758372;11752595;411234;14532;20789349;1171144;15540697;23623088;1942377;8684049;1884591;265592;265585,"http://en.wikipedia.org/wiki/Little_Italy,_Baltimore","Little Italy, Baltimore",little-italy-baltimore,little-italy-baltimore,GPE
Italy,41381137,11,73,14701;14532,http://en.wikipedia.org/wiki/For_Italy,For Italy,for-italy,for-italy,UNK
Italy,23623088,279,142,2170833;704114;4304258;1484334;11805457;4689264;35158589;15391883;362466;758372;11752595;411234;14532;20789349;1171144;15540697;23623088;1942377;8684049;1884591;265592;265585,"http://en.wikipedia.org/wiki/Little_Italy,_Melbourne","Little Italy, Melbourne",little-italy-melbourne,little-italy-melbourne,UNK
Italy,9804204,2281,660,897351;2687967;152256;20599016;1873263;3190225;18949613;21148;1639662;14701;2983;14532;26964606;31717;5843419;11867;26748,http://en.wikipedia.org/wiki/Kingdom_of_Italy,Kingdom of Italy,kingdom-of-italy,kingdom-of-italy,GPE
Olivier Grouillard,1226512,149,166,1148454;30786389;4689264;5843419;1237455;1233974,http://en.wikipedia.org/wiki/Olivier_Grouillard,Olivier Grouillard,olivier-grouillard,olivier-grouillard,PER
France,5843419,190787,1650,6122287;2983;5843419;10577;11867;13058;14701;14699;14532;15573;578468;5612901;21332;21148;12943731;26748;31717;4131857;33166;3650116;1148454;3867414;49732;21493015;2567493;67473;67472;5075311;1326000;644329;329092;12576820;18949613;5058739;42474021;362466;9804204;26964606;695226;27483885;23527303;955656;152256;5166757;17312218;681862;10477250;30786389;480153;9647657;9351658;217537;4689264;18638100;1219780;20599016;723233;1228226;1226512;2687967;1235361;1233974;1234917;1237455;250204;250197,http://en.wikipedia.org/wiki/France,France,france,france,GPE
France,11809,513,287,14701;14532,http://en.wikipedia.org/wiki/Francesco_Cossiga,Francesco Cossiga,francesco-cossiga,francesco-cossiga,PER
France,9116059,3,89,,http://en.wikipedia.org/wiki/France_Hotel,France Hotel,france-hotel,france-hotel,UNK
France,2589960,11,10,,http://en.wikipedia.org/wiki/France_family,France family,france-family,france-family,UNK
France,250197,3412,873,955656;695226;33166;9647657;26964606;250204;250197;5843419;11867;26748;723233;578468;362466;681862;21148;14532;31717;5058739;12943731;15573,http://en.wikipedia.org/wiki/France_national_football_team,France national football team,france-national-football-team,france-national-football-team,UNK
France,12943731,411,384,5843419;955656;26964606;250197,http://en.wikipedia.org/wiki/France_national_youth_football_team,France national youth football team,france-national-youth-football-team,france-national-youth-football-team,ORG
France,9351658,5,36,5843419,http://en.wikipedia.org/wiki/France_II,France II,france-ii,france-ii,UNK
France,644329,374,225,5843419;955656;644329,http://en.wikipedia.org/wiki/France_Télévisions,France Télévisions,france-televisions,france-televisions,ORG
France,6132809,173,168,,http://en.wikipedia.org/wiki/Little_France,Little France,little-france,little-france,UNK
France,955656,2298,525,644329;250197;620967;5843419;4689264;12943731,http://en.wikipedia.org/wiki/France_national_rugby_union_team,France national rugby union team,france-national-rugby-union-team,france-national-rugby-union-team,UNK
France,30770045,0,5,,http://en.wikipedia.org/wiki/Edward_France,Edward France,edward-france,edward-france,PER
France,20599016,2454,744,87995;9804204;2687967;20599016;67473;67472;1120468;23527303;5843419;26748,http://en.wikipedia.org/wiki/Vichy_France,Vichy France,vichy-france,vichy-france,GPE
France,4131857,209,198,5843419;4131857;15573;67473,http://en.wikipedia.org/wiki/Nuclear_power_in_France,Nuclear power in France,nuclear-power-in-france,nuclear-power-in-france,UNK
France,2567493,90,99,5612901;31717;5843419,http://en.wikipedia.org/wiki/France_Info,France Info,france-info,france-info,UNK
France,67473,488,455,5843419;11867;4131857;67473;67472;26748;23527303;21148;14532;2687967;15578;20599016,http://en.wikipedia.org/wiki/Economy_of_France,Economy of France,economy-of-france,economy-of-france,UNK
France,40175041,26,46,,"http://en.wikipedia.org/wiki/La_France,_South_Carolina","La France, South Carolina",la-france-south-carolina,la-france-south-carolina,GPE
France,23527303,196,15,5843419;2687967;20599016;67473;67472,http://en.wikipedia.org/wiki/Kingdom_of_France_(1791–92),Kingdom of France,kingdom-of-france,kingdom-of-france-1791–92,GPE
France,3776038,24,8,,http://en.wikipedia.org/wiki/University_of_France,University of France,university-of-france,university-of-france,ORG
France,42474021,5,22,5843419,http://en.wikipedia.org/wiki/Little_France_(castle),Little France,little-france,little-france-castle,UNK
France,39251067,5,13,,http://en.wikipedia.org/wiki/La_France_(French_newspaper),La France,la-france,la-france-french-newspaper,UNK
France,5612901,146,75,2567493;5843419,http://en.wikipedia.org/wiki/France_Culture,France Culture,france-culture,france-culture,UNK
France,2687967,3313,297,9804204;13530298;2687967;23527303;26964606;5843419;20599016;67473;67472,http://en.wikipedia.org/wiki/Kingdom_of_France,Kingdom of France,kingdom-of-france,kingdom-of-france,GPE
France,6122287,56,58,6122365;6108533;5843419;6108409,http://en.wikipedia.org/wiki/France_(Epcot),France,france,france-epcot,UNK
France,67472,417,303,21493015;5843419;11867;67542;67473;67472;26748;14699;23527303;10709;14532;26889;2687967;20599016,http://en.wikipedia.org/wiki/Geography_of_France,Geography of France,geography-of-france,geography-of-france,UNK
France,19088931,16,6,,http://en.wikipedia.org/wiki/La_France_(airship),La France,la-france,la-france-airship,UNK
Thomas Bscher,1877657,64,7,1234917;12576820;5691770,http://en.wikipedia.org/wiki/Thomas_Bscher,Thomas Bscher,thomas-bscher,thomas-bscher,PER
Germany,11867,167535,1367,5843419;1120468;10709;10577;11867;13058;14701;14532;15573;15578;578468;21148;21161;6108409;2793759;26748;26889;31717;8113702;33166;3650116;1639662;1148454;3867414;49732;27138927;5064191;21493015;67542;67473;67472;5075311;1326000;12576820;18949613;5058739;883816;362466;9804204;131046;26964606;695226;27765303;5166757;169412;25776463;681862;30786389;480153;9647657;5421455;4689264;1490969;3197752;723233;3190225;1233974;1234917;250204;250197,http://en.wikipedia.org/wiki/Germany,Germany,germany,germany,GPE
Germany,3190225,341,109,13058;33166;11867;9804204,http://en.wikipedia.org/wiki/Kingdom_of_Germany,Kingdom of Germany,kingdom-of-germany,kingdom-of-germany,GPE
Germany,26004346,1,6,,http://en.wikipedia.org/wiki/Germany_Foundation,Germany Foundation,germany-foundation,germany-foundation,UNK
Germany,13058,10184,611,87995;1490969;3190225;33166;5843419;21493015;26964606;250204;11867;13058;897351;31717,http://en.wikipedia.org/wiki/East_Germany,East Germany,east-germany,east-germany,GPE
Germany,8113702,170,233,884716;11867,"http://en.wikipedia.org/wiki/Little_Germany,_Bradford","Little Germany, Bradford",little-germany-bradford,little-germany-bradford,UNK
Germany,11159076,19,29,33166,"http://en.wikipedia.org/wiki/Germany,_Pale_Mother","Germany, Pale Mother",germany-pale-mother,germany-pale-mother,UNK
Germany,40919574,2,12,40919574,"http://en.wikipedia.org/wiki/Germany,_Texas","Germany, Texas",germany-texas,germany-texas,UNK
Germany,6108409,53,68,6122365;6108533;6122287;11867,http://en.wikipedia.org/wiki/Germany_(Epcot),Germany,germany,germany-epcot,UNK
Germany,1271511,0,0,,"http://en.wikipedia.org/wiki/Little_Germany,_Ontario","Little Germany, Ontario",little-germany-ontario,little-germany-ontario,UNK
Germany,884716,1,4,8113702,http://en.wikipedia.org/wiki/Little_Germany,Little Germany,little-germany,little-germany,UNK
Germany,131046,77,98,13530298;11867,"http://en.wikipedia.org/wiki/Germany_Township,_Adams_County,_Pennsylvania","Germany Township, Adams County, Pennsylvania",germany-township-adams-county-pennsylvania,germany-township-adams-county-pennsylvania,GPE
Germany,1490969,272,272,13058;33166;11685701;21493015;11867;1490969;8419772,http://en.wikipedia.org/wiki/Religion_in_Germany,Religion in Germany,religion-in-germany,religion-in-germany,UNK
Germany,883816,158,187,11867;265585,"http://en.wikipedia.org/wiki/Little_Germany,_Manhattan","Little Germany, Manhattan",little-germany-manhattan,little-germany-manhattan,UNK
Germany,11947058,137,165,,http://en.wikipedia.org/wiki/Germany_Valley,Germany Valley,germany-valley,germany-valley,UNK
Germany,33166,17376,488,1490969;5843419;21493015;695226;9647657;11867;723233;13058;14532;11159076;3190225;578468;362466;681862;21148;250204;250197;897351;31717,http://en.wikipedia.org/wiki/West_Germany,West Germany,west-germany,west-germany,GPE
Germany,27138927,71,105,26964606;27138927;11867,http://en.wikipedia.org/wiki/The_Biggest_Loser_Germany,The Biggest Loser Germany,the-biggest-loser-germany,the-biggest-loser-germany,ORG
Germany,2793759,83,197,409543;11867,http://en.wikipedia.org/wiki/Communist_Party_of_Germany_(1990),Communist Party of Germany,communist-party-of-germany,communist-party-of-germany-1990,UNK
Germany,250204,3856,681,695226;33166;9647657;26964606;250204;250197;5843419;11867;26748;723233;578468;13058;362466;681862;21148;14532;5058739;15573,http://en.wikipedia.org/wiki/Germany_national_football_team,Germany national football team,germany-national-football-team,germany-national-football-team,UNK
Germany,5064191,123,136,11867,"http://en.wikipedia.org/wiki/Germany,_Year_Zero","Germany, Year Zero",germany-year-zero,germany-year-zero,UNK
Germany,21493015,248,403,13058;33166;21493015;5843419;11867;1490969;67542;67472;26748;14699;21148;10709;26889;26964606,http://en.wikipedia.org/wiki/Geography_of_Germany,Geography of Germany,geography-of-germany,geography-of-germany,UNK
Germany,41476893,1,36,,http://en.wikipedia.org/wiki/Germany_Kent,Germany Kent,germany-kent,germany-kent,PER
Peter Kox,12576820,288,160,5075311;26748;1877657;31717;5843419;11867;21148;14532,http://en.wikipedia.org/wiki/Peter_Kox,Peter Kox,peter-kox,peter-kox,PER
Netherlands,21148,78333,1147,23507562;5843419;695226;10577;11867;27483885;14532;15573;15578;158019;578468;21332;21148;21161;26748;31717;27765303;33166;5166757;1639662;169683;1148454;49732;681862;1553658;13530298;21493015;67473;480153;9647657;475061;2164343;12576820;5434703;18949613;895441;5058739;4689264;723233;362466;1233974;1234917;9804204;26964606;250204;250197,http://en.wikipedia.org/wiki/Netherlands,Netherlands,netherlands,netherlands,GPE
Netherlands,475061,100,133,21148;5434703;1727522,http://en.wikipedia.org/wiki/Greater_Netherlands,Greater Netherlands,greater-netherlands,greater-netherlands,UNK
Netherlands,169683,33,39,21148,http://en.wikipedia.org/wiki/Capital_of_the_Netherlands,Capital of the Netherlands,capital-of-the-netherlands,capital-of-the-netherlands,GPE
Netherlands,21161,153,222,31717;21332;11867;18949613;21148;21161;5434703,http://en.wikipedia.org/wiki/Transport_in_the_Netherlands,Transport in the Netherlands,transport-in-the-netherlands,transport-in-the-netherlands,UNK
Netherlands,5434703,71,174,21148;21161;475061;20611325;9647657;31717;18949613,http://en.wikipedia.org/wiki/Netherlands_(toponymy),Netherlands,netherlands,netherlands-toponymy,UNK
Netherlands,9647657,3010,688,5434703;695226;33166;9647657;10577;26964606;250204;250197;5843419;11867;26748;723233;578468;362466;681862;27483885;2164343;21148;14532;31717;5058739;15573,http://en.wikipedia.org/wiki/Netherlands_national_football_team,Netherlands national football team,netherlands-national-football-team,netherlands-national-football-team,UNK
Netherlands,18949613,1365,341,1553658;9804204;5434703;14532;10577;26964606;31717;5843419;11867;5058739;26748;4689264;21332;21148;21161;15573,http://en.wikipedia.org/wiki/Kingdom_of_the_Netherlands,Kingdom of the Netherlands,kingdom-of-the-netherlands,kingdom-of-the-netherlands,GPE
Netherlands,21332,1952,394,18949613;21148;21161;31717;5843419;4689264,http://en.wikipedia.org/wiki/Netherlands_Antilles,Netherlands Antilles,netherlands-antilles,netherlands-antilles,GPE
Netherlands,10477250,25,56,26748;5843419,http://en.wikipedia.org/wiki/Great_Depression_in_the_Netherlands,Great Depression in the Netherlands,great-depression-in-the-netherlands,great-depression-in-the-netherlands,UNK
Netherlands,2164343,701,337,9647657;4689264;21148,http://en.wikipedia.org/wiki/Netherlands_national_cricket_team,Netherlands national cricket team,netherlands-national-cricket-team,netherlands-national-cricket-team,UNK
Netherlands,27483885,513,309,27765303;25036290;5843419;5058739;9647657;21148,http://en.wikipedia.org/wiki/Netherlands_national_under-19_football_team,Netherlands national under-19 football team,netherlands-national-under-19-football-team,netherlands-national-under-19-football-team,UNK
Netherlands,1553658,68,12,21148;18949613,http://en.wikipedia.org/wiki/European_Netherlands,European Netherlands,european-netherlands,european-netherlands,UNK
Fabien Giroix,30786389,76,59,26748;1226512;5058739;15573;31717;5843419;11867;1233974,http://en.wikipedia.org/wiki/Fabien_Giroix,Fabien Giroix,fabien-giroix,fabien-giroix,PER
Jean-Denis Deletraz,1233974,163,147,26748;1226512;30786389;31717;1235361;5166757;5843419;11867;21148;14532;15573;26964606,http://en.wikipedia.org/wiki/Jean-Denis_Délétraz,Jean-Denis Délétraz,jean-denis-deletraz,jean-denis-deletraz,PER
Switzerland,26748,62648,1091,2983;5843419;695226;1120468;10577;11867;14699;14532;15573;15578;578468;21148;26748;31717;5166757;1639662;49732;681862;21493015;67542;10477250;67473;67472;30786389;9647657;12576820;96065;18949613;5058739;4689264;20599016;723233;1235361;362466;1233974;1234917;9804204;26964606;250204;250197,http://en.wikipedia.org/wiki/Switzerland,Switzerland,switzerland,switzerland,GPE
Switzerland,15578904,19,27,,"http://en.wikipedia.org/wiki/Switzerland,_South_Carolina","Switzerland, South Carolina",switzerland-south-carolina,switzerland-south-carolina,GPE
Switzerland,681862,2053,388,362466;21148;695226;33166;9647657;14532;26964606;250204;250197;5843419;11867;5058739;26748;723233;15573;578468,http://en.wikipedia.org/wiki/Switzerland_national_football_team,Switzerland national football team,switzerland-national-football-team,switzerland-national-football-team,UNK
Switzerland,18695033,4,15,,http://en.wikipedia.org/wiki/Switzerland_(software),Switzerland,switzerland,switzerland-software,UNK
Switzerland,1841220,35,44,450955,http://en.wikipedia.org/wiki/Gun_politics_in_Switzerland,Gun politics in Switzerland,gun-politics-in-switzerland,gun-politics-in-switzerland,ORG
Switzerland,9294418,41,57,,"http://en.wikipedia.org/wiki/Switzerland_Township,_Monroe_County,_Ohio","Switzerland Township, Monroe County, Ohio",switzerland-township-monroe-county-ohio,switzerland-township-monroe-county-ohio,GPE
Switzerland,1120468,261,279,26748;11867;2983;26964606;20599016,http://en.wikipedia.org/wiki/Switzerland_during_the_World_Wars,Switzerland during the World Wars,switzerland-during-the-world-wars,switzerland-during-the-world-wars,UNK
Switzerland,5788337,29,40,,"http://en.wikipedia.org/wiki/Switzerland,_Florida","Switzerland, Florida",switzerland-florida,switzerland-florida,GPE
Switzerland,96065,357,261,26748;96065,"http://en.wikipedia.org/wiki/Switzerland_County,_Indiana","Switzerland County, Indiana",switzerland-county-indiana,switzerland-county-indiana,GPE
Lindsay Owen-Jones,610859,19,22,1148454,http://en.wikipedia.org/wiki/Lindsay_Owen-Jones,Lindsay Owen-Jones,lindsay-owen-jones,lindsay-owen-jones,UNK
Pierre-Henri Raphanel,1237455,108,61,1234917;1226512;1148454;5843419,http://en.wikipedia.org/wiki/Pierre-Henri_Raphanel,Pierre-Henri Raphanel,pierre-henri-raphanel,pierre-henri-raphanel,PER
David Brabham,1148454,683,551,5075311;1226512;1219780;1237455;14532;26964606;36352746;31717;5843419;11867;610859;5058739;1234917;4689264;21148;15573,http://en.wikipedia.org/wiki/David_Brabham,David Brabham,david-brabham,david-brabham,PER
Australia,4689264,136194,1016,5843419;11867;7214224;23623088;14532;15573;15578;578468;21332;21148;26748;31717;3392261;3650116;1148454;49732;65836;67542;5075311;1326000;18949613;18950948;5058739;26451470;26451467;26451463;26451498;26451490;26964606;620967;23507562;158019;955656;450955;3767091;185052;480153;27960950;20611325;2164343;4689264;243669;1226512;1234917;984508,http://en.wikipedia.org/wiki/Australia,Australia,australia,australia,GPE
Australia,26451467,2,11,4689264,http://en.wikipedia.org/wiki/Australia/Sydney,Australia/Sydney,australia-sydney,australia-sydney,PER
Australia,8007505,169,194,31717,http://en.wikipedia.org/wiki/Australia_Station,Australia Station,australia-station,australia-station,ORG
Australia,23335381,10,15,,http://en.wikipedia.org/wiki/Australia_EP,Australia EP,australia-ep,australia-ep,UNK
Australia,185052,236,108,4689264,http://en.wikipedia.org/wiki/Australia_Party,Australia Party,australia-party,australia-party,ORG
Australia,33114696,6,16,,http://en.wikipedia.org/wiki/For_Australia,For Australia,for-australia,for-australia,UNK
Australia,20214173,19,31,,http://en.wikipedia.org/wiki/Australia_(schooner),Australia,australia,australia-schooner,UNK
Australia,38961514,2,7,,http://en.wikipedia.org/wiki/Mr._Australia,Mr. Australia,mr-australia,mr-australia,ORG
Australia,65836,173,290,4689264;31717,http://en.wikipedia.org/wiki/Republicanism_in_Australia,Republicanism in Australia,republicanism-in-australia,republicanism-in-australia,UNK
Australia,26451490,2,11,4689264,http://en.wikipedia.org/wiki/Australia/Adelaide,Australia/Adelaide,australia-adelaide,australia-adelaide,PER
Australia,984508,214,355,4689264,http://en.wikipedia.org/wiki/Internet_censorship_in_Australia,Internet censorship in Australia,internet-censorship-in-australia,internet-censorship-in-australia,UNK
Australia,243669,51,155,4689264,http://en.wikipedia.org/wiki/Australia_II,Australia II,australia-ii,australia-ii,UNK
Australia,450955,49,106,1841220;4689264,http://en.wikipedia.org/wiki/Gun_politics_in_Australia,Gun politics in Australia,gun-politics-in-australia,gun-politics-in-australia,UNK
Australia,42450678,37,51,,"http://en.wikipedia.org/wiki/Australia,_Mississippi","Australia, Mississippi",australia-mississippi,australia-mississippi,GPE
Australia,26451463,2,11,4689264,http://en.wikipedia.org/wiki/Australia/Melbourne,Australia/Melbourne,australia-melbourne,australia-melbourne,PER
Australia,27960950,4,21,4689264;27960950,http://en.wikipedia.org/wiki/MS_Australia,MS Australia,ms-australia,ms-australia,UNK
Australia,7214224,5,22,4689264,http://en.wikipedia.org/wiki/National_Police_Memorial_Australia,National Police Memorial Australia,national-police-memorial-australia,national-police-memorial-australia,UNK
Australia,10680720,15,21,,http://en.wikipedia.org/wiki/Australia_Hotel,Australia Hotel,australia-hotel,australia-hotel,UNK
Australia,1460635,58,63,,"http://en.wikipedia.org/wiki/Wittenoom,_Western_Australia","Wittenoom, Western Australia",wittenoom-western-australia,wittenoom-western-australia,UNK
Australia,37398196,0,1,,http://en.wikipedia.org/wiki/Australia_(KA-5),Australia,australia,australia-ka-5,PER
Australia,26451470,2,10,4689264,http://en.wikipedia.org/wiki/Australia/Brisbane,Australia/Brisbane,australia-brisbane,australia-brisbane,PER
Australia,620967,2240,477,955656;4689264,http://en.wikipedia.org/wiki/Australia_national_rugby_union_team,Australia national rugby union team,australia-national-rugby-union-team,australia-national-rugby-union-team,UNK
Australia,42585823,126,145,,http://en.wikipedia.org/wiki/Australia_(Modern_Family),Australia,australia,australia-modern-family,UNK
Australia,18950948,203,272,4689264;31717;18950948;20611325,http://en.wikipedia.org/wiki/Geography_of_Australia,Geography of Australia,geography-of-australia,geography-of-australia,UNK
Australia,26451498,2,9,4689264,http://en.wikipedia.org/wiki/Australia/Perth,Australia/Perth,australia-perth,australia-perth,PER
Australia,20611325,466,326,18950948;4689264;5434703;20611325,http://en.wikipedia.org/wiki/Australia_(continent),Australia,australia,australia-continent,UNK
Australia,49732,126,120,26748;4689264;31717;5843419;11867;21148;14532;5058739;15573;10577;26964606,http://en.wikipedia.org/wiki/Australia_Group,Australia Group,australia-group,australia-group,ORG
Jean-Marc Gounon,1234917,159,123,5075311;26748;1148454;36352746;1877657;4689264;31717;1235361;5843419;11867;1219780;21148;1237455;14532;5058739;15573;26964606,http://en.wikipedia.org/wiki/Jean-Marc_Gounon,Jean-Marc Gounon,jean-marc-gounon,jean-marc-gounon,PER
Eric Bernard,1219780,161,122,1234917;1148454;5843419,http://en.wikipedia.org/wiki/Éric_Bernard,Éric Bernard,eric-bernard,eric-bernard,PER
Paul Belmondo,1235361,178,70,1234917;26748;31717;5843419;14532;18638100;1233974,http://en.wikipedia.org/wiki/Paul_Belmondo,Paul Belmondo,paul-belmondo,paul-belmondo,PER
Paul Belmondo,18638100,9,26,5843419;1235361;14532,http://en.wikipedia.org/wiki/Paul_Belmondo_(sculptor),Paul Belmondo,paul-belmondo,paul-belmondo-sculptor,PER
Ralf Kelleners,5166757,117,50,5075311;21148;26748;15573;31717;5843419;11867;1233974,http://en.wikipedia.org/wiki/Ralf_Kelleners,Ralf Kelleners,ralf-kelleners,ralf-kelleners,PER
Stephane Ortelli,5075311,394,299,1148454;31717;5843419;11867;5058739;1234917;12576820;4689264;5166757;15573;26964606,http://en.wikipedia.org/wiki/Stéphane_Ortelli,Stéphane Ortelli,stephane-ortelli,stephane-ortelli,PER
Bob Wollek,3650116,418,311,5691770;31717;5843419;11867;5058739;4689264;14532;15573,http://en.wikipedia.org/wiki/Bob_Wollek,Bob Wollek,bob-wollek,bob-wollek,PER
Franz Konrad,35419349,0,3,5166840;27083684,http://en.wikipedia.org/wiki/Franz_Konrad,Franz Konrad,franz-konrad,franz-konrad,PER
Franz Konrad,27083684,183,261,35419349;26964606,http://en.wikipedia.org/wiki/Franz_Konrad_(SS_officer),Franz Konrad,franz-konrad,franz-konrad-ss-officer,PER
Franz Konrad,5166840,240,51,35419349;26964606,http://en.wikipedia.org/wiki/Franz_Konrad_(racing_driver),Franz Konrad,franz-konrad,franz-konrad-racing-driver,PER
Austria,26964606,55411,711,1030;2983;5843419;695226;1120468;10577;11867;13058;14699;14532;15573;578468;21148;12943731;26748;31717;27765303;5166840;169412;1148454;49732;681862;27138927;21493015;67542;9647657;5075311;217537;18949613;897351;8419772;5058739;4689264;723233;27083684;2687967;362466;1233974;1234917;9804204;26964606;250204;250197;6490870;6490884,http://en.wikipedia.org/wiki/Austria,Austria,austria,austria,GPE
Austria,25224993,6,31,,http://en.wikipedia.org/wiki/Austria_(Lombard),Austria,austria,austria-lombard,UNK
Austria,67542,223,341,21493015;31717;11867;67542;67472;6490870;26748;8419772;14699;4689264;2983;10709;14532;26889;26964606;6490884,http://en.wikipedia.org/wiki/Geography_of_Austria,Geography of Austria,geography-of-austria,geography-of-austria,UNK
Austria,6490870,478,182,67542;8419772;2983;26964606;6490884,http://en.wikipedia.org/wiki/Archduchy_of_Austria,Archduchy of Austria,archduchy-of-austria,archduchy-of-austria,GPE
Austria,2983,7373,824,2983;5843419;67542;9804204;695226;1120468;26964606;26748;8419772;6490870;14532;6490884,http://en.wikipedia.org/wiki/Austria-Hungary,Austria-Hungary,austria-hungary,austria-hungary,GPE
Austria,169412,20,48,26964606;11867,"http://en.wikipedia.org/wiki/Fucking,_Austria","Fucking, Austria",fucking-austria,fucking-austria,UNK
Austria,8419772,231,177,6490870;8419772;11685701;1490969;2983;15573;67542;26964606;6490884,http://en.wikipedia.org/wiki/Religion_in_Austria,Religion in Austria,religion-in-austria,religion-in-austria,ORG
Austria,695226,1890,498,27765303;362466;681862;21148;33166;9647657;2983;14532;26964606;250204;250197;5843419;11867;5058739;26748;723233;15573;578468,http://en.wikipedia.org/wiki/Austria_national_football_team,Austria national football team,austria-national-football-team,austria-national-football-team,UNK
Austria,2416949,10,29,,http://en.wikipedia.org/wiki/SS_Austria,SS Austria,ss-austria,ss-austria,UNK
Austria,6490884,203,126,6490870;8419772;2983;67542;26964606,http://en.wikipedia.org/wiki/Duchy_of_Austria,Duchy of Austria,duchy-of-austria,duchy-of-austria,GPE
Austria,27765303,256,226,27483885;25036290;11867;21148;14532;695226;26964606,http://en.wikipedia.org/wiki/Austria_national_under-19_football_team,Austria national under-19 football team,austria-national-under-19-football-team,austria-national-under-19-football-team,UNK
Austria,1030,723,262,26964606;1030,http://en.wikipedia.org/wiki/Austrian_School,Austrian School,austrian-school,austrian-school,UNK
Cor Euser,23507562,78,45,21148;4689264,http://en.wikipedia.org/wiki/Cor_Euser,Cor Euser,cor-euser,cor-euser,PER
Gounon,1234917,159,123,5075311;26748;1148454;36352746;1877657;4689264;31717;1235361;5843419;11867;1219780;21148;1237455;14532;5058739;15573;26964606,http://en.wikipedia.org/wiki/Jean-Marc_Gounon,Jean-Marc Gounon,jean-marc-gounon,jean-marc-gounon,PER
Weaver,12697444,1,11,11666792;5691770,http://en.wikipedia.org/wiki/James_Weaver,James Weaver,james-weaver,james-weaver,PER
Weaver,11666792,2,9,12697444;31717,http://en.wikipedia.org/wiki/James_Weaver_(actor),James Weaver,james-weaver,james-weaver-actor,PER
Weaver,5691770,293,158,1877657;12697444;13530298;3650116,http://en.wikipedia.org/wiki/James_Weaver_(racing_driver),James Weaver,james-weaver,james-weaver-racing-driver,PER
Bscher,1877657,64,7,1234917;12576820;5691770,http://en.wikipedia.org/wiki/Thomas_Bscher,Thomas Bscher,thomas-bscher,thomas-bscher,PER
Bernard,1228226,42,58,5843419,http://en.wikipedia.org/wiki/Bernard_Collomb,Bernard Collomb,bernard-collomb,bernard-collomb,PER
Bernard,1219780,161,122,1234917;1148454;5843419,http://en.wikipedia.org/wiki/Éric_Bernard,Éric Bernard,eric-bernard,eric-bernard,PER
Belmondo,1235361,178,70,1234917;26748;31717;5843419;14532;18638100;1233974,http://en.wikipedia.org/wiki/Paul_Belmondo,Paul Belmondo,paul-belmondo,paul-belmondo,PER
Belmondo,18638100,9,26,5843419;1235361;14532,http://en.wikipedia.org/wiki/Paul_Belmondo_(sculptor),Paul Belmondo,paul-belmondo,paul-belmondo-sculptor,PER
Olofsson,36352746,56,14,1234917;1148454;5058739,http://en.wikipedia.org/wiki/Anders_Olofsson,Anders Olofsson,anders-olofsson,anders-olofsson,PER
Owen-Jones,610859,19,22,1148454,http://en.wikipedia.org/wiki/Lindsay_Owen-Jones,Lindsay Owen-Jones,lindsay-owen-jones,lindsay-owen-jones,UNK
Raphanel,1237455,108,61,1234917;1226512;1148454;5843419,http://en.wikipedia.org/wiki/Pierre-Henri_Raphanel,Pierre-Henri Raphanel,pierre-henri-raphanel,pierre-henri-raphanel,PER
